bodyId,graph_index,superclass,subclass,limb_annotation,source_type_label,instance,somaSide,rootSide,somaNeuromere,exitNerve,mancBodyid,mancType,mancGroup,matchingNotes,synonyms,status,mapping_status,approved_joint,approved_torque_sign,approved_gain,mechanical_evidence,curated_group_targets,curated_target,curated_evidence_status
800061,144825,vnc_motor,fl,front,Tergopleural/Pleural promotor MN,Tergopleural/Pleural promotor MN_L,L,,T1,DProN,12686.0,Tergopleural/Pleural promotor MN,12686.0,,,Traced,"mechanical mapping not enabled; gains, axes and effector-side validation pending",,,,,['Tergopleural/Pleural promotor'],Tergopleural/Pleural promotor,curated_group_and_muscle_label_agree
800158,144900,vnc_motor,hl,hind,Ti extensor MN,Ti extensor MN_R,R,,T3,MetaLN,10462.0,Ti extensor MN,10347.0,,,Traced,"mechanical mapping not enabled; gains, axes and effector-side validation pending",,,,,['Ti extensor'],Ti extensor,curated_group_and_muscle_label_agree
800175,144911,vnc_motor,hl,hind,Pleural remotor/abductor MN,Pleural remotor/abductor MN_L,L,,T3,MetaLN,18286.0,Pleural remotor/abductor MN,,,,Traced,"mechanical mapping not enabled; gains, axes and effector-side validation pending",,,,,,,no_curated_group
800230,144945,vnc_motor,ml,middle,MNml82,MNml82_R,R,,T2,MesoLN,13746.0,MNml82,,,,Traced,"mechanical mapping not enabled; gains, axes and effector-side validation pending",,,,,,,no_curated_group
800290,144988,vnc_motor,hl,hind,Pleural remotor/abductor MN,Pleural remotor/abductor MN_R,R,,T3,MetaLN,14596.0,Pleural remotor/abductor MN,,,,Traced,"mechanical mapping not enabled; gains, axes and effector-side validation pending",,,,,,,no_curated_group
800316,145009,vnc_motor,hl,hind,Sternal anterior rotator MN,Sternal anterior rotator MN,R,,T3,MetaLN,11562.0,Sternal anterior rotator MN,11562.0,,,Traced,"mechanical mapping not enabled; gains, axes and effector-side validation pending",,,,,['Sternal anterior rotator'],Sternal anterior rotator,curated_group_and_muscle_label_agree
800358,145038,vnc_motor,hl,hind,MNhl64,MNhl64_R,R,,T3,MetaLN,13740.0,MNhl64,13740.0,,,Traced,"mechanical mapping not enabled; gains, axes and effector-side validation pending",,,,,['hind leg'],hind leg,limb_only_target
800504,145149,vnc_motor,hl,hind,Sternotrochanter MN,Sternotrochanter MN_L,L,,T3,MetaLN,152642.0,Sternotrochanter MN,152621.0,,,Traced,"mechanical mapping not enabled; gains, axes and effector-side validation pending",,,,,['Sternotrochanter'],Sternotrochanter,curated_group_and_muscle_label_agree
800541,145178,vnc_motor,ml,middle,Pleural remotor/abductor MN,Pleural remotor/abductor MN_L,L,,T2,MesoLN,219853.0,Pleural remotor/abductor MN,17091.0,,,Traced,"mechanical mapping not enabled; gains, axes and effector-side validation pending",,,,,['Pleural remotor/abductor'],Pleural remotor/abductor,curated_group_and_muscle_label_agree
800553,145189,vnc_motor,hl,hind,Pleural remotor/abductor MN,Pleural remotor/abductor MN_R,R,,T3,MetaLN,15262.0,Pleural remotor/abductor MN,,,,Traced,"mechanical mapping not enabled; gains, axes and effector-side validation pending",,,,,,,no_curated_group
800578,145211,vnc_motor,hl,hind,Fe reductor MN,Fe reductor MN_L,L,,T3,MetaLN,14020.0,Fe reductor MN,12113.0,,,Traced,"mechanical mapping not enabled; gains, axes and effector-side validation pending",,,,,['Fe reductor'],Fe reductor,curated_group_and_muscle_label_agree
800589,145220,vnc_motor,ml,middle,Tr flexor MN,Tr flexor MN_L,L,,T2,MesoLN,13817.0,Tr flexor MN,,,,Traced,"mechanical mapping not enabled; gains, axes and effector-side validation pending",,,,,,,no_curated_group
800621,145241,vnc_motor,hl,hind,Ti extensor MN,Ti extensor MN_L,L,,T3,MetaLN,13075.0,Ti extensor MN,13006.0,,,Traced,"mechanical mapping not enabled; gains, axes and effector-side validation pending",,,,,['Ti extensor'],Ti extensor,curated_group_and_muscle_label_agree
800636,145248,vnc_motor,fl,front,Ti extensor MN,Ti extensor MN_L,L,,T1,ProLN,12704.0,Ti extensor MN,11706.0,,,Traced,"mechanical mapping not enabled; gains, axes and effector-side validation pending",,,,,['Ti extensor'],Ti extensor,curated_group_and_muscle_label_agree
800776,145351,vnc_motor,ml,middle,Pleural remotor/abductor MN,Pleural remotor/abductor MN_R,R,,T2,MesoLN,41482.0,Pleural remotor/abductor MN,41482.0,,,Traced,"mechanical mapping not enabled; gains, axes and effector-side validation pending",,,,,['Pleural remotor/abductor'],Pleural remotor/abductor,curated_group_and_muscle_label_agree
800851,145410,vnc_motor,hl,hind,Sternotrochanter MN,Sternotrochanter MN_L,L,,T3,MetaLN,157432.0,Sternotrochanter MN,152621.0,,,Traced,"mechanical mapping not enabled; gains, axes and effector-side validation pending",,,,,['Sternotrochanter'],Sternotrochanter,curated_group_and_muscle_label_agree
800911,145453,vnc_motor,ml,middle,Ti extensor MN,Ti extensor MN_L,L,,T2,MesoLN,,Ti extensor MN,10737.0,,,Traced,"mechanical mapping not enabled; gains, axes and effector-side validation pending",,,,,['Ti extensor'],Ti extensor,curated_group_and_muscle_label_agree
800962,145487,vnc_motor,ml,middle,Sternal posterior rotator MN,Sternal posterior rotator MN_R,R,,T2,MesoLN,16035.0,Sternal posterior rotator MN,49886.0,,,Traced,"mechanical mapping not enabled; gains, axes and effector-side validation pending",,,,,['Sternal posterior rotator'],Sternal posterior rotator,curated_group_and_muscle_label_agree
801057,145555,vnc_motor,ml,middle,Tr flexor MN,Tr flexor MN_R,R,,T2,MesoLN,15006.0,Tr flexor MN,15006.0,,,Traced,"mechanical mapping not enabled; gains, axes and effector-side validation pending",,,,,['Tr flexor'],Tr flexor,curated_group_and_muscle_label_agree
801058,145556,vnc_motor,ml,middle,Tr flexor MN,Tr flexor MN_R,R,,T2,MesoLN,10461.0,Tr flexor MN,15006.0,,,Traced,"mechanical mapping not enabled; gains, axes and effector-side validation pending",,,,,['Tr flexor'],Tr flexor,curated_group_and_muscle_label_agree
801079,145570,vnc_motor,fl,front,Sternotrochanter MN,Sternotrochanter MN_R,R,,T1,VProN,18440.0,Sternotrochanter MN,18006.0,,,Traced,"mechanical mapping not enabled; gains, axes and effector-side validation pending",,,,,['Sternotrochanter'],Sternotrochanter,curated_group_and_muscle_label_agree
801090,145578,vnc_motor,hl,hind,Sternotrochanter MN,Sternotrochanter MN_R,R,,T3,MetaLN,152620.0,Sternotrochanter MN,152621.0,,,Traced,"mechanical mapping not enabled; gains, axes and effector-side validation pending",,,,,['Sternotrochanter'],Sternotrochanter,curated_group_and_muscle_label_agree
801148,145624,vnc_motor,hl,hind,Sternotrochanter MN,Sternotrochanter MN_R,R,,T3,MetaLN,152621.0,Sternotrochanter MN,152621.0,,,Traced,"mechanical mapping not enabled; gains, axes and effector-side validation pending",,,,,['Sternotrochanter'],Sternotrochanter,curated_group_and_muscle_label_agree
801173,145643,vnc_motor,fl,front,Tergopleural/Pleural promotor MN,Tergopleural/Pleural promotor MN_L,L,,T1,DProN,19319.0,Tergopleural/Pleural promotor MN,12628.0,,,Traced,"mechanical mapping not enabled; gains, axes and effector-side validation pending",,,,,['Tergopleural/Pleural promotor'],Tergopleural/Pleural promotor,curated_group_and_muscle_label_agree
801234,145689,vnc_motor,ml,middle,Ti extensor MN,Ti extensor MN_L,L,,T2,MesoLN,11115.0,Ti extensor MN,10461.0,,,Traced,"mechanical mapping not enabled; gains, axes and effector-side validation pending",,,,,['Ti extensor'],Ti extensor,curated_group_and_muscle_label_agree
801267,145717,vnc_motor,hl,hind,MNhl02,MNhl02_R,R,,T3,AbN1,11274.0,MNhl02,11274.0,,,Traced,"mechanical mapping not enabled; gains, axes and effector-side validation pending",,,,,['hind leg'],hind leg,limb_only_target
801335,145775,vnc_motor,hl,hind,MNhl59,MNhl59_R,R,,T3,MetaLN,13543.0,MNhl59,11809.0,,,Traced,"mechanical mapping not enabled; gains, axes and effector-side validation pending",,,,,['hind leg'],hind leg,limb_only_target
801375,145804,vnc_motor,hl,hind,Sternotrochanter MN,Sternotrochanter MN_R,R,,T3,MetaLN,13069.0,Sternotrochanter MN,13069.0,,,Traced,"mechanical mapping not enabled; gains, axes and effector-side validation pending",,,,,['Sternotrochanter'],Sternotrochanter,curated_group_and_muscle_label_agree
801469,145873,vnc_motor,fl,front,Sternal anterior rotator MN,Sternal anterior rotator MN_R,R,,T1,VProN,16209.0,Sternal anterior rotator MN,,,,Traced,"mechanical mapping not enabled; gains, axes and effector-side validation pending",,,,,,,no_curated_group
801477,145879,vnc_motor,ml,middle,MNml81,MNml81_R,R,,T2,MesoLN,14828.0,MNml81,13036.0,,,Traced,"mechanical mapping not enabled; gains, axes and effector-side validation pending",,,,,['middle leg'],middle leg,limb_only_target
801492,145890,vnc_motor,hl,hind,Sternal posterior rotator MN,Sternal posterior rotator MN_L,L,,T3,MetaLN,14168.0,Sternal posterior rotator MN,,,,Traced,"mechanical mapping not enabled; gains, axes and effector-side validation pending",,,,,,,no_curated_group
801548,145938,vnc_motor,hl,hind,Sternal anterior rotator MN,Sternal anterior rotator MN_L,L,,T3,MetaLN,18471.0,Sternal anterior rotator MN,11022.0,,,Traced,"mechanical mapping not enabled; gains, axes and effector-side validation pending",,,,,['Sternal anterior rotator'],Sternal anterior rotator,curated_group_and_muscle_label_agree
801637,146003,vnc_motor,hl,hind,Acc. ti flexor MN,Acc. ti flexor MN_R,R,,T3,MetaLN,15550.0,Acc. ti flexor MN,,,,Traced,"mechanical mapping not enabled; gains, axes and effector-side validation pending",,,,,,,no_curated_group
801685,146038,vnc_motor,fl,front,Sternotrochanter MN,Sternotrochanter MN_L,L,,T1,VProN,100515.0,Sternotrochanter MN,20615.0,,,Traced,"mechanical mapping not enabled; gains, axes and effector-side validation pending",,,,,['Sternotrochanter'],Sternotrochanter,curated_group_and_muscle_label_agree
801693,146045,vnc_motor,hl,hind,Fe reductor MN,Fe reductor MN_R,R,,T3,MetaLN,16633.0,Fe reductor MN,16633.0,,,Traced,"mechanical mapping not enabled; gains, axes and effector-side validation pending",,,,,['Fe reductor'],Fe reductor,curated_group_and_muscle_label_agree
801715,146060,vnc_motor,hl,hind,Sternal posterior rotator MN,Sternal posterior rotator MN_L,L,,T3,MetaLN,18286.0,Sternal posterior rotator MN,,,,Traced,"mechanical mapping not enabled; gains, axes and effector-side validation pending",,,,,,,no_curated_group
801721,146065,vnc_motor,hl,hind,Tr flexor MN,Tr flexor MN_R,R,,T3,MetaLN,41439.0,Tr flexor MN,,,,Traced,"mechanical mapping not enabled; gains, axes and effector-side validation pending",,,,,,,no_curated_group
801736,146075,vnc_motor,hl,hind,MNhl62,MNhl62_L,L,,T3,AbN1,11813.0,MNhl62,17970.0,,,Traced,"mechanical mapping not enabled; gains, axes and effector-side validation pending",,,,,['hind leg'],hind leg,limb_only_target
801761,146096,vnc_motor,ml,middle,Sternal posterior rotator MN,Sternal posterior rotator MN_R,R,,T2,MesoLN,12196.0,Sternal posterior rotator MN,49886.0,,,Traced,"mechanical mapping not enabled; gains, axes and effector-side validation pending",,,,,['Sternal posterior rotator'],Sternal posterior rotator,curated_group_and_muscle_label_agree
801768,146100,vnc_motor,ml,middle,Sternal posterior rotator MN,Sternal posterior rotator MN_L,L,,T2,MesoLN,15883.0,Sternal posterior rotator MN,49886.0,,,Traced,"mechanical mapping not enabled; gains, axes and effector-side validation pending",,,,,['Sternal posterior rotator'],Sternal posterior rotator,curated_group_and_muscle_label_agree
801813,146138,vnc_motor,ml,middle,Sternal anterior rotator MN,Sternal anterior rotator MN_R,R,,T2,MesoLN,102786.0,Sternal anterior rotator MN,16295.0,,,Traced,"mechanical mapping not enabled; gains, axes and effector-side validation pending",,,,,['Sternal anterior rotator'],Sternal anterior rotator,curated_group_and_muscle_label_agree
801824,146147,vnc_motor,fl,front,Tergopleural/Pleural promotor MN,Tergopleural/Pleural promotor MN_R,R,,T1,DProN,11706.0,Tergopleural/Pleural promotor MN,12628.0,,,Traced,"mechanical mapping not enabled; gains, axes and effector-side validation pending",,,,,['Tergopleural/Pleural promotor'],Tergopleural/Pleural promotor,curated_group_and_muscle_label_agree
801915,146211,vnc_motor,fl,front,Sternal posterior rotator MN,Sternal posterior rotator MN_L,L,,T1,ProAN,19667.0,Sternal posterior rotator MN,13942.0,,,Traced,"mechanical mapping not enabled; gains, axes and effector-side validation pending",,,,,['Sternal posterior rotator'],Sternal posterior rotator,curated_group_and_muscle_label_agree
801918,146214,vnc_motor,fl,front,Sternal anterior rotator MN,Sternal anterior rotator MN_R,R,,T1,VProN,13300.0,Sternal anterior rotator MN,,,,Traced,"mechanical mapping not enabled; gains, axes and effector-side validation pending",,,,,,,no_curated_group
801932,146222,vnc_motor,hl,hind,,,R,,T3,MetaLN,12758.0,,,,,Traced,"mechanical mapping not enabled; gains, axes and effector-side validation pending",,,,,,,no_curated_group
801946,146235,vnc_motor,ml,middle,Sternal anterior rotator MN,Sternal anterior rotator MN_R,R,,T2,MesoLN,24669.0,Sternal anterior rotator MN,20119.0,,,Traced,"mechanical mapping not enabled; gains, axes and effector-side validation pending",,,,,['Sternal anterior rotator'],Sternal anterior rotator,curated_group_and_muscle_label_agree
802072,146327,vnc_motor,fl,front,Tergopleural/Pleural promotor MN,Tergopleural/Pleural promotor MN_R,R,,T1,DProN,12628.0,Tergopleural/Pleural promotor MN,12686.0,,,Traced,"mechanical mapping not enabled; gains, axes and effector-side validation pending",,,,,['Tergopleural/Pleural promotor'],Tergopleural/Pleural promotor,curated_group_and_muscle_label_agree
802215,146428,vnc_motor,hl,hind,Sternal anterior rotator MN,Sternal anterior rotator MN,L,,T3,MetaLN,164741.0,Sternal anterior rotator MN,11562.0,,,Traced,"mechanical mapping not enabled; gains, axes and effector-side validation pending",,,,,['Sternal anterior rotator'],Sternal anterior rotator,curated_group_and_muscle_label_agree
802232,146439,vnc_motor,ml,middle,Tr flexor MN,Tr flexor MN_L,L,,T2,MesoLN,13817.0,Tr flexor MN,,,,Traced,"mechanical mapping not enabled; gains, axes and effector-side validation pending",,,,,,,no_curated_group
802295,146483,vnc_motor,ml,middle,Ti flexor MN,Ti flexor MN_L,L,,T2,MesoLN,15623.0,Ti flexor MN,15623.0,,,Traced,"mechanical mapping not enabled; gains, axes and effector-side validation pending",,,,,['Ti flexor'],Ti flexor,curated_group_and_muscle_label_agree
802361,146527,vnc_motor,fl,front,Sternotrochanter MN,Sternotrochanter MN_L,L,,T1,VProN,18579.0,Sternotrochanter MN,18006.0,,,Traced,"mechanical mapping not enabled; gains, axes and effector-side validation pending",,,,,['Sternotrochanter'],Sternotrochanter,curated_group_and_muscle_label_agree
802407,146567,vnc_motor,ml,middle,Sternotrochanter MN,Sternotrochanter MN_L,L,,T2,MesoLN,166392.0,Sternotrochanter MN,18716.0,,,Traced,"mechanical mapping not enabled; gains, axes and effector-side validation pending",,,,,['Sternotrochanter'],Sternotrochanter,curated_group_and_muscle_label_agree
802509,146646,vnc_motor,fl,front,Pleural remotor/abductor MN,Pleural remotor/abductor MN_L,L,,T1,ProAN,12096.0,Pleural remotor/abductor MN,16419.0,,,Traced,"mechanical mapping not enabled; gains, axes and effector-side validation pending",,,,,['Pleural remotor/abductor'],Pleural remotor/abductor,curated_group_and_muscle_label_agree
802521,146653,vnc_motor,ml,middle,Sternal posterior rotator MN,Sternal posterior rotator MN_R,R,,T2,MesoLN,10305.0,Sternal posterior rotator MN,,,,Traced,"mechanical mapping not enabled; gains, axes and effector-side validation pending",,,,,,,no_curated_group
802552,146676,vnc_motor,fl,front,Tergotr. MN,Tergotr. MN_L,L,,T1,VProN,19652.0,Tergotr. MN,,,,Traced,"mechanical mapping not enabled; gains, axes and effector-side validation pending",,,,,,,no_curated_group
802731,146810,vnc_motor,hl,hind,MNhl59,MNhl59_L,L,,T3,MetaLN,11809.0,MNhl59,11809.0,,,Traced,"mechanical mapping not enabled; gains, axes and effector-side validation pending",,,,,['hind leg'],hind leg,limb_only_target
802864,146907,vnc_motor,ml,middle,Sternotrochanter MN,Sternotrochanter MN_R,R,,T2,MesoLN,11297.0,Sternotrochanter MN,19094.0,,,Traced,"mechanical mapping not enabled; gains, axes and effector-side validation pending",,,,,['Sternotrochanter'],Sternotrochanter,curated_group_and_muscle_label_agree
802964,146986,vnc_motor,hl,hind,Sternal posterior rotator MN,Sternal posterior rotator MN_L,L,,T3,MetaLN,15278.0,Sternal posterior rotator MN,,,,Traced,"mechanical mapping not enabled; gains, axes and effector-side validation pending",,,,,,,no_curated_group
803072,147072,vnc_motor,hl,hind,Ti flexor MN,Ti flexor MN_R,R,,T3,MetaLN,18491.0,Ti flexor MN,12585.0,,,Traced,"mechanical mapping not enabled; gains, axes and effector-side validation pending",,,,,['Ti flexor'],Ti flexor,curated_group_and_muscle_label_agree
803086,147083,vnc_motor,ml,middle,MNml29,MNml29_L,L,,T2,MesoLN,19773.0,MNml29,12196.0,,,Traced,"mechanical mapping not enabled; gains, axes and effector-side validation pending",,,,,['middle leg'],middle leg,limb_only_target
803147,147131,vnc_motor,hl,hind,Ti flexor MN,Ti flexor MN_L,L,,T3,MetaLN,176866.0,Ti flexor MN,,,,Traced,"mechanical mapping not enabled; gains, axes and effector-side validation pending",,,,,,,no_curated_group
803226,147196,vnc_motor,ml,middle,Sternal posterior rotator MN,Sternal posterior rotator MN_L,L,,T2,MesoLN,49886.0,Sternal posterior rotator MN,49886.0,,,Traced,"mechanical mapping not enabled; gains, axes and effector-side validation pending",,,,,['Sternal posterior rotator'],Sternal posterior rotator,curated_group_and_muscle_label_agree
803237,147206,vnc_motor,fl,front,Tergotr. MN,Tergotr. MN_L,L,,T1,VProN,166309.0,Tergotr. MN,19443.0,,,Traced,"mechanical mapping not enabled; gains, axes and effector-side validation pending",,,,,['Tergotr.'],Tergotr.,curated_group_and_muscle_label_agree
803314,147267,vnc_motor,fl,front,Pleural remotor/abductor MN,Pleural remotor/abductor MN_R,R,,T1,ProAN,16419.0,Pleural remotor/abductor MN,16419.0,,,Traced,"mechanical mapping not enabled; gains, axes and effector-side validation pending",,,,,['Pleural remotor/abductor'],Pleural remotor/abductor,curated_group_and_muscle_label_agree
803412,147340,vnc_motor,fl,front,Tr extensor MN,Tr extensor MN_L,L,,T1,ProAN,11657.0,Tr extensor MN,14536.0,,,Traced,"mechanical mapping not enabled; gains, axes and effector-side validation pending",,,,,['Tr extensor'],Tr extensor,curated_group_and_muscle_label_agree
803480,147394,vnc_motor,ml,middle,MNml82,MNml82_L,L,,T2,MesoLN,101909.0,MNml82,,,,Traced,"mechanical mapping not enabled; gains, axes and effector-side validation pending",,,,,,,no_curated_group
803499,147405,vnc_motor,ml,middle,Pleural remotor/abductor MN,Pleural remotor/abductor MN_R,R,,T2,MesoLN,19206.0,Pleural remotor/abductor MN,17091.0,,,Traced,"mechanical mapping not enabled; gains, axes and effector-side validation pending",,,,,['Pleural remotor/abductor'],Pleural remotor/abductor,curated_group_and_muscle_label_agree
803523,147426,vnc_motor,ml,middle,ltm1-tibia MN,ltm1-tibia MN_R,R,,T2,MesoLN,19758.0,ltm1-tibia MN,,,,Traced,"mechanical mapping not enabled; gains, axes and effector-side validation pending",,,,,,,no_curated_group
803698,147557,vnc_motor,fl,front,Sternotrochanter MN,Sternotrochanter MN_R,R,,T1,VProN,13819.0,Sternotrochanter MN,20615.0,,,Traced,"mechanical mapping not enabled; gains, axes and effector-side validation pending",,,,,['Sternotrochanter'],Sternotrochanter,curated_group_and_muscle_label_agree
803704,147562,vnc_motor,ml,middle,Sternal posterior rotator MN,Sternal posterior rotator MN_L,L,,T2,MesoLN,154769.0,Sternal posterior rotator MN,,,,Traced,"mechanical mapping not enabled; gains, axes and effector-side validation pending",,,,,,,no_curated_group
803803,147641,vnc_motor,fl,front,Pleural remotor/abductor MN,Pleural remotor/abductor MN_L,L,,T1,ProAN,13628.0,Pleural remotor/abductor MN,13628.0,,,Traced,"mechanical mapping not enabled; gains, axes and effector-side validation pending",,,,,['Pleural remotor/abductor'],Pleural remotor/abductor,curated_group_and_muscle_label_agree
803829,147661,vnc_motor,ml,middle,Tr flexor MN,Tr flexor MN_L,L,,T2,MesoLN,23364.0,Tr flexor MN,,,,Traced,"mechanical mapping not enabled; gains, axes and effector-side validation pending",,,,,,,no_curated_group
803830,147662,vnc_motor,fl,front,Fe reductor MN,Fe reductor MN_R,R,,T1,ProLN,24050.0,Fe reductor MN,14949.0,,,Traced,"mechanical mapping not enabled; gains, axes and effector-side validation pending",,,,,['Fe reductor'],Fe reductor,curated_group_and_muscle_label_agree
804025,147823,vnc_motor,ml,middle,Fe reductor MN,Fe reductor MN_L,L,,T2,MesoLN,29187.0,Fe reductor MN,16552.0,,,Traced,"mechanical mapping not enabled; gains, axes and effector-side validation pending",,,,,['Fe reductor'],Fe reductor,curated_group_and_muscle_label_agree
804078,147867,vnc_motor,hl,hind,MNhl29,MNhl29_L,L,,T3,MetaLN,102123.0,MNhl29,14649.0,,,Traced,"mechanical mapping not enabled; gains, axes and effector-side validation pending",,,,,['hind leg'],hind leg,limb_only_target
804257,148012,vnc_motor,fl,front,Ti extensor MN,Ti extensor MN_R,R,,T1,ProLN,13115.0,Ti extensor MN,11657.0,,,Traced,"mechanical mapping not enabled; gains, axes and effector-side validation pending",,,,,['Ti extensor'],Ti extensor,curated_group_and_muscle_label_agree
804405,148126,vnc_motor,ml,middle,Ti flexor MN,Ti flexor MN_R,R,,T2,MesoLN,192299.0,Ti flexor MN,15623.0,,,Traced,"mechanical mapping not enabled; gains, axes and effector-side validation pending",,,,,['Ti flexor'],Ti flexor,curated_group_and_muscle_label_agree
804465,148179,vnc_motor,fl,front,Tergotr. MN,Tergotr. MN_L,L,,T1,VProN,21753.0,Tergotr. MN,,,,Traced,"mechanical mapping not enabled; gains, axes and effector-side validation pending",,,,,,,no_curated_group
804514,148222,vnc_motor,hl,hind,Tergotr. MN,Tergotr. MN_L,L,,T3,AbN1,159762.0,Tergotr. MN,13434.0,,,Traced,"mechanical mapping not enabled; gains, axes and effector-side validation pending",,,,,['Tergotr.'],Tergotr.,curated_group_and_muscle_label_agree
804741,148401,vnc_motor,hl,hind,ltm1-tibia MN,ltm1-tibia MN_R,R,,T3,MetaLN,10811.0,ltm1-tibia MN,10811.0,,,Traced,"mechanical mapping not enabled; gains, axes and effector-side validation pending",,,,,['ltm1-tibia'],ltm1-tibia,curated_group_and_muscle_label_agree
804847,148483,vnc_motor,hl,hind,MNhl88,MNhl88_L,L,,T3,MetaLN,17905.0,MNhl88,13883.0,,,Traced,"mechanical mapping not enabled; gains, axes and effector-side validation pending",,,,,['hind leg'],hind leg,limb_only_target
804851,148487,vnc_motor,fl,front,Sternal posterior rotator MN,Sternal posterior rotator MN_L,L,,T1,ProAN,17546.0,Sternal posterior rotator MN,24747.0,,,Traced,"mechanical mapping not enabled; gains, axes and effector-side validation pending",,,,,['Sternal posterior rotator'],Sternal posterior rotator,curated_group_and_muscle_label_agree
804866,148500,vnc_motor,fl,front,Tergotr. MN,Tergotr. MN_R,R,,T1,VProN,19443.0,Tergotr. MN,,,,Traced,"mechanical mapping not enabled; gains, axes and effector-side validation pending",,,,,,,no_curated_group
804919,148545,vnc_motor,hl,hind,Ti flexor MN,Ti flexor MN_L,L,,T3,MetaLN,176866.0,Ti flexor MN,12585.0,,,Traced,"mechanical mapping not enabled; gains, axes and effector-side validation pending",,,,,['Ti flexor'],Ti flexor,curated_group_and_muscle_label_agree
804941,148560,vnc_motor,fl,front,Fe reductor MN,Fe reductor MN_L,L,,T1,ProLN,156857.0,Fe reductor MN,,,,Traced,"mechanical mapping not enabled; gains, axes and effector-side validation pending",,,,,,,no_curated_group
805010,148616,vnc_motor,ml,middle,Ti flexor MN,Ti flexor MN_R,R,,T2,MesoLN,13280.0,Ti flexor MN,,,,Traced,"mechanical mapping not enabled; gains, axes and effector-side validation pending",,,,,,,no_curated_group
805309,148853,vnc_motor,fl,front,ltm2-femur MN,ltm2-femur MN_L,L,,T1,ProLN,20612.0,ltm2-femur MN,,,,Traced,"mechanical mapping not enabled; gains, axes and effector-side validation pending",,,,,,,no_curated_group
805313,148857,vnc_motor,fl,front,Pleural remotor/abductor MN,Pleural remotor/abductor MN_R,R,,T1,ProAN,21241.0,Pleural remotor/abductor MN,13628.0,,,Traced,"mechanical mapping not enabled; gains, axes and effector-side validation pending",,,,,['Pleural remotor/abductor'],Pleural remotor/abductor,curated_group_and_muscle_label_agree
805410,148940,vnc_motor,fl,front,Sternal posterior rotator MN,Sternal posterior rotator MN_R,R,,T1,ProAN,13942.0,Sternal posterior rotator MN,25767.0,,,Traced,"mechanical mapping not enabled; gains, axes and effector-side validation pending",,,,,['Sternal posterior rotator'],Sternal posterior rotator,curated_group_and_muscle_label_agree
805477,148995,vnc_motor,ml,middle,Tr extensor MN,Tr extensor MN_L,L,,T2,MesoLN,13904.0,Tr extensor MN,13904.0,,,Traced,"mechanical mapping not enabled; gains, axes and effector-side validation pending",,,,,['Tr extensor'],Tr extensor,curated_group_and_muscle_label_agree
805568,149076,vnc_motor,ml,middle,Acc. ti flexor MN,Acc. ti flexor MN_R,R,,T2,MesoLN,24443.0,Acc. ti flexor MN,,,,Traced,"mechanical mapping not enabled; gains, axes and effector-side validation pending",,,,,,,no_curated_group
805598,149100,vnc_motor,fl,front,Fe reductor MN,Fe reductor MN_L,L,,T1,ProLN,21944.0,Fe reductor MN,,,,Traced,"mechanical mapping not enabled; gains, axes and effector-side validation pending",,,,,,,no_curated_group
805741,149217,vnc_motor,fl,front,Tergotr. MN,Tergotr. MN_L,L,,T1,VProN,155633.0,Tergotr. MN,,,,Traced,"mechanical mapping not enabled; gains, axes and effector-side validation pending",,,,,,,no_curated_group
805745,149220,vnc_motor,fl,front,Tergopleural/Pleural promotor MN,Tergopleural/Pleural promotor MN_R,R,,T1,DProN,20386.0,Tergopleural/Pleural promotor MN,12396.0,,,Traced,"mechanical mapping not enabled; gains, axes and effector-side validation pending",,,,,['Tergopleural/Pleural promotor'],Tergopleural/Pleural promotor,curated_group_and_muscle_label_agree
806204,149595,vnc_motor,ml,middle,Tergotr. MN,Tergotr. MN_R,R,,T2,MesoLN,175327.0,Tergotr. MN,15107.0,,,Traced,"mechanical mapping not enabled; gains, axes and effector-side validation pending",,,,,['Tergotr.'],Tergotr.,curated_group_and_muscle_label_agree
806599,149927,vnc_motor,fl,front,Acc. ti flexor MN,Acc. ti flexor MN_L,L,,T1,ProLN,101043.0,Acc. ti flexor MN,,,,Traced,"mechanical mapping not enabled; gains, axes and effector-side validation pending",,,,,,,no_curated_group
806898,150187,vnc_motor,fl,front,Fe reductor MN,Fe reductor MN_R,R,,T1,ProLN,18983.0,Fe reductor MN,,,,Traced,"mechanical mapping not enabled; gains, axes and effector-side validation pending",,,,,,,no_curated_group
806923,150208,vnc_motor,fl,front,Sternal anterior rotator MN,Sternal anterior rotator MN_L,L,,T1,VProN,26566.0,Sternal anterior rotator MN,,,,Traced,"mechanical mapping not enabled; gains, axes and effector-side validation pending",,,,,,,no_curated_group
807160,150398,vnc_motor,hl,hind,MNhl01,MNhl01_L,L,,T3,AbN1,221983.0,MNhl01,15735.0,,,Traced,"mechanical mapping not enabled; gains, axes and effector-side validation pending",,,,,['hind leg'],hind leg,limb_only_target
807165,150402,vnc_motor,fl,front,Ti flexor MN,Ti flexor MN_L,L,,T1,ProLN,12134.0,Ti flexor MN,,,,Traced,"mechanical mapping not enabled; gains, axes and effector-side validation pending",,,,,,,no_curated_group
807281,150502,vnc_motor,fl,front,Tergopleural/Pleural promotor MN,Tergopleural/Pleural promotor MN_L,L,,T1,DProN,12396.0,Tergopleural/Pleural promotor MN,12396.0,,,Traced,"mechanical mapping not enabled; gains, axes and effector-side validation pending",,,,,['Tergopleural/Pleural promotor'],Tergopleural/Pleural promotor,curated_group_and_muscle_label_agree
807395,150600,vnc_motor,ml,middle,MNml29,MNml29_R,R,,T2,MesoLN,104697.0,MNml29,12196.0,,,Traced,"mechanical mapping not enabled; gains, axes and effector-side validation pending",,,,,['middle leg'],middle leg,limb_only_target
807640,150806,vnc_motor,hl,hind,Tr flexor MN,Tr flexor MN_R,R,,T3,MetaLN,28997.0,Tr flexor MN,,,,Traced,"mechanical mapping not enabled; gains, axes and effector-side validation pending",,,,,,,no_curated_group
807854,150987,vnc_motor,hl,hind,Sternal adductor MN,Sternal adductor MN_R,R,,T3,MetaLN,20667.0,Sternal adductor MN,,,,Traced,"mechanical mapping not enabled; gains, axes and effector-side validation pending",,,,,,,no_curated_group
807873,151003,vnc_motor,fl,front,Acc. tr flexor MN,Acc. tr flexor MN_R,R,,T1,ProAN,16400.0,Acc. tr flexor MN,,,,Traced,"mechanical mapping not enabled; gains, axes and effector-side validation pending",,,,,,,no_curated_group
807906,151030,vnc_motor,fl,front,Tr extensor MN,Tr extensor MN_L,L,,T1,ProLN,19929.0,Tr extensor MN,19929.0,,,Traced,"mechanical mapping not enabled; gains, axes and effector-side validation pending",,,,,['Tr extensor'],Tr extensor,curated_group_and_muscle_label_agree
807972,151091,vnc_motor,ml,middle,ltm2-femur MN,ltm2-femur MN_L,L,,T2,MesoLN,24725.0,ltm2-femur MN,,,,Traced,"mechanical mapping not enabled; gains, axes and effector-side validation pending",,,,,,,no_curated_group
808011,151126,vnc_motor,fl,front,Sternal posterior rotator MN,Sternal posterior rotator MN_R,R,,T1,ProAN,21241.0,Sternal posterior rotator MN,21241.0,,,Traced,"mechanical mapping not enabled; gains, axes and effector-side validation pending",,,,,['Sternal posterior rotator'],Sternal posterior rotator,curated_group_and_muscle_label_agree
808453,151481,vnc_motor,hl,hind,Tr extensor MN,Tr extensor MN_R,R,,T3,MetaLN,10866.0,Tr extensor MN,10866.0,,,Traced,"mechanical mapping not enabled; gains, axes and effector-side validation pending",,,,,['Tr extensor'],Tr extensor,curated_group_and_muscle_label_agree
808640,151642,vnc_motor,fl,front,Sternal posterior rotator MN,Sternal posterior rotator MN_L,L,,T1,ProAN,29689.0,Sternal posterior rotator MN,25767.0,,,Traced,"mechanical mapping not enabled; gains, axes and effector-side validation pending",,,,,['Sternal posterior rotator'],Sternal posterior rotator,curated_group_and_muscle_label_agree
808685,151681,vnc_motor,hl,hind,Ti flexor MN,Ti flexor MN_R,R,,T3,MetaLN,13512.0,Ti flexor MN,,,,Traced,"mechanical mapping not enabled; gains, axes and effector-side validation pending",,,,,,,no_curated_group
809055,151986,vnc_motor,hl,hind,MNhl88,MNhl88_R,R,,T3,MetaLN,13883.0,MNhl88,13883.0,,,Traced,"mechanical mapping not enabled; gains, axes and effector-side validation pending",,,,,['hind leg'],hind leg,limb_only_target
809604,152452,vnc_motor,hl,hind,Acc. tr flexor MN,Acc. tr flexor MN_L,L,,T3,MetaLN,162913.0,Acc. tr flexor MN,,,,Traced,"mechanical mapping not enabled; gains, axes and effector-side validation pending",,,,,,,no_curated_group
809670,152506,vnc_motor,ml,middle,Acc. ti flexor MN,Acc. ti flexor MN_L,L,,T2,MesoLN,13784.0,Acc. ti flexor MN,13784.0,,,Traced,"mechanical mapping not enabled; gains, axes and effector-side validation pending",,,,,['Acc. ti flexor'],Acc. ti flexor,curated_group_and_muscle_label_agree
809912,152711,vnc_motor,fl,front,Ti flexor MN,Ti flexor MN_L,L,,T1,ProLN,17133.0,Ti flexor MN,,,,Traced,"mechanical mapping not enabled; gains, axes and effector-side validation pending",,,,,,,no_curated_group
809935,152728,vnc_motor,hl,hind,Ti extensor MN,Ti extensor MN_R,R,,T3,MetaLN,13006.0,Ti extensor MN,13006.0,,,Traced,"mechanical mapping not enabled; gains, axes and effector-side validation pending",,,,,['Ti extensor'],Ti extensor,curated_group_and_muscle_label_agree
810098,152863,vnc_motor,fl,front,Ti flexor MN,Ti flexor MN_R,R,,T1,ProLN,14848.0,Ti flexor MN,,,,Traced,"mechanical mapping not enabled; gains, axes and effector-side validation pending",,,,,,,no_curated_group
810535,153214,vnc_motor,fl,front,Tergopleural/Pleural promotor MN,Tergopleural/Pleural promotor MN_R,R,,T1,DProN,13464.0,Tergopleural/Pleural promotor MN,13464.0,,,Traced,"mechanical mapping not enabled; gains, axes and effector-side validation pending",,,,,['Tergopleural/Pleural promotor'],Tergopleural/Pleural promotor,curated_group_and_muscle_label_agree
810541,153218,vnc_motor,fl,front,Ta levator MN,Ta levator MN_L,L,,T1,ProLN,22358.0,Ta levator MN,16346.0,,,Traced,"mechanical mapping not enabled; gains, axes and effector-side validation pending",,,,,['Ta levator'],Ta levator,curated_group_and_muscle_label_agree
810639,153295,vnc_motor,fl,front,Tr flexor MN,Tr flexor MN_L,L,,T1,VProN,19771.0,Tr flexor MN,,,,Traced,"mechanical mapping not enabled; gains, axes and effector-side validation pending",,,,,,,no_curated_group
810720,153359,vnc_motor,ml,middle,Acc. tr flexor MN,Acc. tr flexor MN_R,R,,T2,MesoLN,102019.0,Acc. tr flexor MN,102019.0,,,Traced,"mechanical mapping not enabled; gains, axes and effector-side validation pending",,,,,['Acc. tr flexor'],Acc. tr flexor,curated_group_and_muscle_label_agree
811137,153698,vnc_motor,hl,hind,MNhl87,MNhl87_L,L,,T3,MetaLN,17761.0,MNhl87,15857.0,,,Traced,"mechanical mapping not enabled; gains, axes and effector-side validation pending",,,,,['hind leg'],hind leg,limb_only_target
811652,154094,vnc_motor,fl,front,Fe reductor MN,Fe reductor MN_R,R,,T1,ProLN,11226.0,Fe reductor MN,,,,Traced,"mechanical mapping not enabled; gains, axes and effector-side validation pending",,,,,,,no_curated_group
812111,154458,vnc_motor,fl,front,Fe reductor MN,Fe reductor MN_L,L,,T1,ProLN,13920.0,Fe reductor MN,12891.0,,,Traced,"mechanical mapping not enabled; gains, axes and effector-side validation pending",,,,,['Fe reductor'],Fe reductor,curated_group_and_muscle_label_agree
812531,154807,vnc_motor,ml,middle,Acc. ti flexor MN,Acc. ti flexor MN_R,R,,T2,MesoLN,16495.0,Acc. ti flexor MN,,,,Traced,"mechanical mapping not enabled; gains, axes and effector-side validation pending",,,,,,,no_curated_group
812872,155079,vnc_motor,ml,middle,ltm MN,ltm MN_R,R,,T2,MesoLN,26809.0,ltm MN,,,,Traced,"mechanical mapping not enabled; gains, axes and effector-side validation pending",,,,,,,no_curated_group
812899,155099,vnc_motor,hl,hind,MNhl87,MNhl87_R,R,,T3,MetaLN,15857.0,MNhl87,15857.0,,,Traced,"mechanical mapping not enabled; gains, axes and effector-side validation pending",,,,,['hind leg'],hind leg,limb_only_target
812953,155145,vnc_motor,hl,hind,Ti extensor MN,Ti extensor MN_L,L,,T3,MetaLN,10347.0,Ti extensor MN,10347.0,,,Traced,"mechanical mapping not enabled; gains, axes and effector-side validation pending",,,,,['Ti extensor'],Ti extensor,curated_group_and_muscle_label_agree
813480,155560,vnc_motor,fl,front,Sternal adductor MN,Sternal adductor MN_L,L,,T1,ProAN,155853.0,Sternal adductor MN,21718.0,,,Traced,"mechanical mapping not enabled; gains, axes and effector-side validation pending",,,,,['Sternal adductor'],Sternal adductor,curated_group_and_muscle_label_agree
813566,155626,vnc_motor,fl,front,Fe reductor MN,Fe reductor MN_R,R,,T1,ProLN,12891.0,Fe reductor MN,12891.0,,,Traced,"mechanical mapping not enabled; gains, axes and effector-side validation pending",,,,,['Fe reductor'],Fe reductor,curated_group_and_muscle_label_agree
813603,155655,vnc_motor,ml,middle,ltm MN,ltm MN_L,L,,T2,MesoLN,17964.0,ltm MN,35735.0,,,Traced,"mechanical mapping not enabled; gains, axes and effector-side validation pending",,,,,['ltm'],ltm,curated_group_and_muscle_label_agree
813629,155674,vnc_motor,hl,hind,Acc. ti flexor MN,Acc. ti flexor MN_R,R,,T3,MetaLN,16228.0,Acc. ti flexor MN,,,,Traced,"mechanical mapping not enabled; gains, axes and effector-side validation pending",,,,,,,no_curated_group
813755,155781,vnc_motor,ml,middle,Tergotr. MN,Tergotr. MN_L,L,,T2,MesoLN,30650.0,Tergotr. MN,15107.0,,,Traced,"mechanical mapping not enabled; gains, axes and effector-side validation pending",,,,,['Tergotr.'],Tergotr.,curated_group_and_muscle_label_agree
814163,156096,vnc_motor,fl,front,Fe reductor MN,Fe reductor MN_L,L,,T1,ProLN,14949.0,Fe reductor MN,14949.0,,,Traced,"mechanical mapping not enabled; gains, axes and effector-side validation pending",,,,,['Fe reductor'],Fe reductor,curated_group_and_muscle_label_agree
814489,156347,vnc_motor,fl,front,Tr flexor MN,Tr flexor MN_L,L,,T1,ProAN,163686.0,Tr flexor MN,,,,Traced,"mechanical mapping not enabled; gains, axes and effector-side validation pending",,,,,,,no_curated_group
814942,156693,vnc_motor,ml,middle,Tr extensor MN,Tr extensor MN_R,R,,T2,MesoLN,17930.0,Tr extensor MN,17930.0,,,Traced,"mechanical mapping not enabled; gains, axes and effector-side validation pending",,,,,['Tr extensor'],Tr extensor,curated_group_and_muscle_label_agree
814983,156725,vnc_motor,ml,middle,MNml78,MNml78_R,R,,T2,MesoLN,162868.0,MNml78,20511.0,,,Traced,"mechanical mapping not enabled; gains, axes and effector-side validation pending",,,,,['middle leg'],middle leg,limb_only_target
815097,156804,vnc_motor,hl,hind,ltm MN,ltm MN_R,R,,T3,MetaLN,166393.0,ltm MN,,,,Traced,"mechanical mapping not enabled; gains, axes and effector-side validation pending",,,,,,,no_curated_group
815246,156913,vnc_motor,fl,front,Acc. ti flexor MN,Acc. ti flexor MN_L,L,,T1,ProLN,17885.0,Acc. ti flexor MN,,,,Traced,"mechanical mapping not enabled; gains, axes and effector-side validation pending",,,,,,,no_curated_group
815344,156979,vnc_motor,fl,front,Ti extensor MN,Ti extensor MN_L,L,,T1,ProLN,10256.0,Ti extensor MN,11657.0,,,Traced,"mechanical mapping not enabled; gains, axes and effector-side validation pending",,,,,['Ti extensor'],Ti extensor,curated_group_and_muscle_label_agree
815498,157084,vnc_motor,hl,hind,ltm2-femur MN,ltm2-femur MN_L,L,,T3,MetaLN,158889.0,ltm2-femur MN,16356.0,,,Traced,"mechanical mapping not enabled; gains, axes and effector-side validation pending",,,,,['ltm2-femur'],ltm2-femur,curated_group_and_muscle_label_agree
815678,157213,vnc_motor,fl,front,Ti extensor MN,Ti extensor MN_R,R,,T1,ProLN,22126.0,Ti extensor MN,11706.0,,,Traced,"mechanical mapping not enabled; gains, axes and effector-side validation pending",,,,,['Ti extensor'],Ti extensor,curated_group_and_muscle_label_agree
815854,157349,vnc_motor,fl,front,Sternal adductor MN,Sternal adductor MN_R,R,,T1,ProAN,21718.0,Sternal adductor MN,21718.0,,,Traced,"mechanical mapping not enabled; gains, axes and effector-side validation pending",,,,,['Sternal adductor'],Sternal adductor,curated_group_and_muscle_label_agree
815958,157420,vnc_motor,hl,hind,Acc. tr flexor MN,Acc. tr flexor MN_R,R,,T3,MetaLN,17693.0,Acc. tr flexor MN,,,,Traced,"mechanical mapping not enabled; gains, axes and effector-side validation pending",,,,,,,no_curated_group
816018,157466,vnc_motor,ml,middle,Sternal adductor MN,Sternal adductor MN_L,L,,T2,MesoLN,156233.0,Sternal adductor MN,13817.0,,,Traced,"mechanical mapping not enabled; gains, axes and effector-side validation pending",,,,,['Sternal adductor'],Sternal adductor,curated_group_and_muscle_label_agree
816022,157469,vnc_motor,hl,hind,MNhl29,MNhl29_R,R,,T3,MetaLN,14649.0,MNhl29,14649.0,,,Traced,"mechanical mapping not enabled; gains, axes and effector-side validation pending",,,,,['hind leg'],hind leg,limb_only_target
816215,157603,vnc_motor,fl,front,Acc. ti flexor MN,Acc. ti flexor MN_L,L,,T1,ProLN,18412.0,Acc. ti flexor MN,,,,Traced,"mechanical mapping not enabled; gains, axes and effector-side validation pending",,,,,,,no_curated_group
816222,157609,vnc_motor,ml,middle,Ti flexor MN,Ti flexor MN_R,R,,T2,MesoLN,18448.0,Ti flexor MN,,,,Traced,"mechanical mapping not enabled; gains, axes and effector-side validation pending",,,,,,,no_curated_group
816404,157725,vnc_motor,fl,front,Acc. ti flexor MN,Acc. ti flexor MN_L,L,,T1,ProLN,23698.0,Acc. ti flexor MN,,,,Traced,"mechanical mapping not enabled; gains, axes and effector-side validation pending",,,,,,,no_curated_group
816501,157787,vnc_motor,hl,hind,MNhl02,MNhl02_L,L,,T3,AbN1,27479.0,MNhl02,11274.0,,,Traced,"mechanical mapping not enabled; gains, axes and effector-side validation pending",,,,,['hind leg'],hind leg,limb_only_target
816648,157876,vnc_motor,fl,front,Tr flexor MN,Tr flexor MN_R,R,,T1,ProAN,39951.0,Tr flexor MN,,,,Traced,"mechanical mapping not enabled; gains, axes and effector-side validation pending",,,,,,,no_curated_group
817210,158218,vnc_motor,fl,front,Ta levator MN,Ta levator MN_R,R,,T1,ProLN,16346.0,Ta levator MN,16346.0,,,Traced,"mechanical mapping not enabled; gains, axes and effector-side validation pending",,,,,['Ta levator'],Ta levator,curated_group_and_muscle_label_agree
817283,158260,vnc_motor,fl,front,Acc. ti flexor MN,Acc. ti flexor MN_L,L,,T1,ProLN,15023.0,Acc. ti flexor MN,,,,Traced,"mechanical mapping not enabled; gains, axes and effector-side validation pending",,,,,,,no_curated_group
817347,158303,vnc_motor,fl,front,Tergotr. MN,Tergotr. MN_R,R,,T1,VProN,23553.0,Tergotr. MN,19443.0,,,Traced,"mechanical mapping not enabled; gains, axes and effector-side validation pending",,,,,['Tergotr.'],Tergotr.,curated_group_and_muscle_label_agree
817374,158325,vnc_motor,hl,hind,Acc. ti flexor MN,Acc. ti flexor MN_L,L,,T3,MetaLN,163009.0,Acc. ti flexor MN,,,,Traced,"mechanical mapping not enabled; gains, axes and effector-side validation pending",,,,,,,no_curated_group
817509,158408,vnc_motor,fl,front,Acc. ti flexor MN,Acc. ti flexor MN_R,R,,T1,ProLN,12761.0,Acc. ti flexor MN,12761.0,,,Traced,"mechanical mapping not enabled; gains, axes and effector-side validation pending",,,,,['Acc. ti flexor'],Acc. ti flexor,curated_group_and_muscle_label_agree
817595,158467,vnc_motor,fl,front,Fe reductor MN,Fe reductor MN_R,R,,T1,VProN,29484.0,Fe reductor MN,29484.0,,,Traced,"mechanical mapping not enabled; gains, axes and effector-side validation pending",,,,,['Fe reductor'],Fe reductor,curated_group_and_muscle_label_agree
817640,158493,vnc_motor,fl,front,Tr flexor MN,Tr flexor MN_R,R,,T1,ProAN,14783.0,Tr flexor MN,,,,Traced,"mechanical mapping not enabled; gains, axes and effector-side validation pending",,,,,,,no_curated_group
817655,158502,vnc_motor,fl,front,Ta depressor MN,Ta depressor MN_L,L,,T1,ProLN,,Ta depressor MN,,,,Traced,"mechanical mapping not enabled; gains, axes and effector-side validation pending",,,,,,,no_curated_group
817681,158518,vnc_motor,ml,middle,Tr flexor MN,Tr flexor MN_R,R,,T2,MesoLN,157207.0,Tr flexor MN,,,,Traced,"mechanical mapping not enabled; gains, axes and effector-side validation pending",,,,,,,no_curated_group
817990,158698,vnc_motor,ml,middle,MNml78,MNml78_R,R,,T2,MesoLN,35950.0,MNml78,20511.0,,,Traced,"mechanical mapping not enabled; gains, axes and effector-side validation pending",,,,,['middle leg'],middle leg,limb_only_target
818057,158729,vnc_motor,fl,front,Ti flexor MN,Ti flexor MN_L,L,,T1,ProLN,15321.0,Ti flexor MN,,,,Traced,"mechanical mapping not enabled; gains, axes and effector-side validation pending",,,,,,,no_curated_group
818295,158842,vnc_motor,ml,middle,Ti flexor MN,Ti flexor MN_L,L,,T2,MesoLN,16635.0,Ti flexor MN,,,,Traced,"mechanical mapping not enabled; gains, axes and effector-side validation pending",,,,,,,no_curated_group
818389,158888,vnc_motor,fl,front,Tr flexor MN,Tr flexor MN_L,L,,T1,ProAN,23299.0,Tr flexor MN,,,,Traced,"mechanical mapping not enabled; gains, axes and effector-side validation pending",,,,,,,no_curated_group
818399,158894,vnc_motor,hl,hind,Sternal posterior rotator MN,Sternal posterior rotator MN_L,L,,T3,MetaLN,27258.0,Sternal posterior rotator MN,28219.0,,,Traced,"mechanical mapping not enabled; gains, axes and effector-side validation pending",,,,,['Sternal posterior rotator'],Sternal posterior rotator,curated_group_and_muscle_label_agree
818553,158972,vnc_motor,fl,front,ltm1-tibia MN,ltm1-tibia MN_L,L,,T1,ProLN,13952.0,ltm1-tibia MN,13952.0,,,Traced,"mechanical mapping not enabled; gains, axes and effector-side validation pending",,,,,['ltm1-tibia'],ltm1-tibia,curated_group_and_muscle_label_agree
818719,159053,vnc_motor,fl,front,Tr flexor MN,Tr flexor MN_R,R,,T1,ProAN,41353.0,Tr flexor MN,,,,Traced,"mechanical mapping not enabled; gains, axes and effector-side validation pending",,,,,,,no_curated_group
818842,159110,vnc_motor,fl,front,Tr extensor MN,Tr extensor MN_R,R,,T1,ProLN,27028.0,Tr extensor MN,19929.0,,,Traced,"mechanical mapping not enabled; gains, axes and effector-side validation pending",,,,,['Tr extensor'],Tr extensor,curated_group_and_muscle_label_agree
818996,159170,vnc_motor,ml,middle,Sternal posterior rotator MN,Sternal posterior rotator MN_R,R,,T2,MesoLN,21120.0,Sternal posterior rotator MN,11529.0,,,Traced,"mechanical mapping not enabled; gains, axes and effector-side validation pending",,,,,['Sternal posterior rotator'],Sternal posterior rotator,curated_group_and_muscle_label_agree
819112,159217,vnc_motor,hl,hind,Ti flexor MN,Ti flexor MN_L,L,,T3,MetaLN,15893.0,Ti flexor MN,,,,Traced,"mechanical mapping not enabled; gains, axes and effector-side validation pending",,,,,,,no_curated_group
819203,159252,vnc_motor,ml,middle,Tr flexor MN,Tr flexor MN_R,R,,T2,MesoLN,19983.0,Tr flexor MN,19983.0,,,Traced,"mechanical mapping not enabled; gains, axes and effector-side validation pending",,,,,['Tr flexor'],Tr flexor,curated_group_and_muscle_label_agree
819278,159278,vnc_motor,fl,front,Ta depressor MN,Ta depressor MN_L,L,,T1,ProLN,18554.0,Ta depressor MN,,,,Traced,"mechanical mapping not enabled; gains, axes and effector-side validation pending",,,,,,,no_curated_group
819384,159323,vnc_motor,fl,front,Ti flexor MN,Ti flexor MN_L,L,,T1,ProLN,17885.0,Ti flexor MN,,,,Traced,"mechanical mapping not enabled; gains, axes and effector-side validation pending",,,,,,,no_curated_group
819674,159446,vnc_motor,ml,middle,Acc. ti flexor MN,Acc. ti flexor MN_L,L,,T2,MesoLN,17070.0,Acc. ti flexor MN,,,,Traced,"mechanical mapping not enabled; gains, axes and effector-side validation pending",,,,,,,no_curated_group
819869,159501,vnc_motor,fl,front,Acc. ti flexor MN,Acc. ti flexor MN_L,L,,T1,ProLN,13397.0,Acc. ti flexor MN,12761.0,,,Traced,"mechanical mapping not enabled; gains, axes and effector-side validation pending",,,,,['Acc. ti flexor'],Acc. ti flexor,curated_group_and_muscle_label_agree
820110,159562,vnc_motor,fl,front,Ta levator MN,Ta levator MN_R,R,,T1,ProLN,19751.0,Ta levator MN,15446.0,,,Traced,"mechanical mapping not enabled; gains, axes and effector-side validation pending",,,,,['Ta levator'],Ta levator,curated_group_and_muscle_label_agree
820130,159570,vnc_motor,fl,front,Tr flexor MN,Tr flexor MN_R,R,,T1,ProAN,41933.0,Tr flexor MN,,,,Traced,"mechanical mapping not enabled; gains, axes and effector-side validation pending",,,,,,,no_curated_group
820350,159629,vnc_motor,hl,hind,Fe reductor MN,Fe reductor MN_L,L,,T3,MetaLN,21665.0,Fe reductor MN,16633.0,,,Traced,"mechanical mapping not enabled; gains, axes and effector-side validation pending",,,,,['Fe reductor'],Fe reductor,curated_group_and_muscle_label_agree
820574,159689,vnc_motor,ml,middle,MNml83,MNml83_R,R,,T2,MesoLN,200065.0,MNml83,,,,Traced,"mechanical mapping not enabled; gains, axes and effector-side validation pending",,,,,,,no_curated_group
820632,159702,vnc_motor,ml,middle,MNml80,MNml80_L,L,,T2,MesoLN,17697.0,MNml80,15616.0,,,Traced,"mechanical mapping not enabled; gains, axes and effector-side validation pending",,,,,['middle leg'],middle leg,limb_only_target
820668,159708,vnc_motor,fl,front,Tr flexor MN,Tr flexor MN_R,R,,T1,VProN,19886.0,Tr flexor MN,,,,Traced,"mechanical mapping not enabled; gains, axes and effector-side validation pending",,,,,,,no_curated_group
820764,159733,vnc_motor,ml,middle,Fe reductor MN,Fe reductor MN_L,L,,T2,MesoLN,45494.0,Fe reductor MN,,,,Traced,"mechanical mapping not enabled; gains, axes and effector-side validation pending",,,,,,,no_curated_group
820896,159762,vnc_motor,fl,front,Ta levator MN,Ta levator MN_R,R,,T1,ProLN,15446.0,Ta levator MN,16346.0,,,Traced,"mechanical mapping not enabled; gains, axes and effector-side validation pending",,,,,['Ta levator'],Ta levator,curated_group_and_muscle_label_agree
821154,159824,vnc_motor,hl,hind,Acc. tr flexor MN,Acc. tr flexor MN_L,L,,T3,MetaLN,13095.0,Acc. tr flexor MN,,,,Traced,"mechanical mapping not enabled; gains, axes and effector-side validation pending",,,,,,,no_curated_group
821291,159860,vnc_motor,fl,front,Acc. tr flexor MN,Acc. tr flexor MN_L,L,,T1,ProLN,25475.0,Acc. tr flexor MN,,,,Traced,"mechanical mapping not enabled; gains, axes and effector-side validation pending",,,,,,,no_curated_group
821375,159878,vnc_motor,ml,middle,Acc. tr flexor MN,Acc. tr flexor MN_L,L,,T2,MesoLN,155216.0,Acc. tr flexor MN,,,,Traced,"mechanical mapping not enabled; gains, axes and effector-side validation pending",,,,,,,no_curated_group
821449,159887,vnc_motor,hl,hind,ltm2-femur MN,ltm2-femur MN_R,R,,T3,MetaLN,16356.0,ltm2-femur MN,16356.0,,,Traced,"mechanical mapping not enabled; gains, axes and effector-side validation pending",,,,,['ltm2-femur'],ltm2-femur,curated_group_and_muscle_label_agree
821494,159893,vnc_motor,ml,middle,MNml79,MNml79_L,L,,T2,MesoLN,,MNml79,17964.0,,,Traced,"mechanical mapping not enabled; gains, axes and effector-side validation pending",,,,,['middle leg'],middle leg,limb_only_target
821635,159918,vnc_motor,fl,front,Ti flexor MN,Ti flexor MN_R,R,,T1,ProLN,13399.0,Ti flexor MN,,,,Traced,"mechanical mapping not enabled; gains, axes and effector-side validation pending",,,,,,,no_curated_group
821769,159939,vnc_motor,ml,middle,Fe reductor MN,Fe reductor MN_R,R,,T2,MesoLN,42738.0,Fe reductor MN,,,,Traced,"mechanical mapping not enabled; gains, axes and effector-side validation pending",,,,,,,no_curated_group
822013,159968,vnc_motor,ml,middle,Ti flexor MN,Ti flexor MN_R,R,,T2,MesoLN,162827.0,Ti flexor MN,,,,Traced,"mechanical mapping not enabled; gains, axes and effector-side validation pending",,,,,,,no_curated_group
822047,159977,vnc_motor,fl,front,ltm1-tibia MN,ltm1-tibia MN_L,L,,T1,ProLN,19092.0,ltm1-tibia MN,,,,Traced,"mechanical mapping not enabled; gains, axes and effector-side validation pending",,,,,,,no_curated_group
822092,159982,vnc_motor,fl,front,ltm MN,ltm MN_L,L,,T1,ProLN,24139.0,ltm MN,24139.0,,,Traced,"mechanical mapping not enabled; gains, axes and effector-side validation pending",,,,,['ltm'],ltm,curated_group_and_muscle_label_agree
822185,159991,vnc_motor,ml,middle,MNml77,MNml77_L,L,,T2,MesoLN,103416.0,MNml77,103416.0,,,Traced,"mechanical mapping not enabled; gains, axes and effector-side validation pending",,,,,['middle leg'],middle leg,limb_only_target
822252,160003,vnc_motor,hl,hind,MNhl64,MNhl64_L,L,,T3,MetaLN,29474.0,MNhl64,13740.0,,,Traced,"mechanical mapping not enabled; gains, axes and effector-side validation pending",,,,,['hind leg'],hind leg,limb_only_target
822274,160005,vnc_motor,fl,front,ltm MN,ltm MN_L,L,,T1,ProLN,14069.0,ltm MN,11786.0,,,Traced,"mechanical mapping not enabled; gains, axes and effector-side validation pending",,,,,['ltm'],ltm,curated_group_and_muscle_label_agree
822742,160065,vnc_motor,ml,middle,MNml80,MNml80_L,L,,T2,MesoLN,14775.0,MNml80,,,,Traced,"mechanical mapping not enabled; gains, axes and effector-side validation pending",,,,,,,no_curated_group
822945,160092,vnc_motor,hl,hind,Ti flexor MN,Ti flexor MN_L,L,,T3,MetaLN,,Ti flexor MN,,,,Traced,"mechanical mapping not enabled; gains, axes and effector-side validation pending",,,,,,,no_curated_group
823132,160117,vnc_motor,ml,middle,Fe reductor MN,Fe reductor MN_R,R,,T2,MesoLN,35432.0,Fe reductor MN,,,,Traced,"mechanical mapping not enabled; gains, axes and effector-side validation pending",,,,,,,no_curated_group
823168,160123,vnc_motor,fl,front,Tr flexor MN,Tr flexor MN_L,L,,T1,VProN,16963.0,Tr flexor MN,,,,Traced,"mechanical mapping not enabled; gains, axes and effector-side validation pending",,,,,,,no_curated_group
823281,160139,vnc_motor,fl,front,Tr flexor MN,Tr flexor MN_L,L,,T1,VProN,153142.0,Tr flexor MN,,,,Traced,"mechanical mapping not enabled; gains, axes and effector-side validation pending",,,,,,,no_curated_group
823405,160145,vnc_motor,hl,hind,ltm MN,ltm MN_L,L,,T3,MetaLN,19074.0,ltm MN,,,,Traced,"mechanical mapping not enabled; gains, axes and effector-side validation pending",,,,,,,no_curated_group
823665,160165,vnc_motor,hl,hind,Ti flexor MN,Ti flexor MN_R,R,,T3,MetaLN,12758.0,Ti flexor MN,,,,Traced,"mechanical mapping not enabled; gains, axes and effector-side validation pending",,,,,,,no_curated_group
823739,160171,vnc_motor,ml,middle,Ti flexor MN,Ti flexor MN_L,L,,T2,MesoLN,100707.0,Ti flexor MN,,,,Traced,"mechanical mapping not enabled; gains, axes and effector-side validation pending",,,,,,,no_curated_group
824041,160194,vnc_motor,ml,middle,Ti flexor MN,Ti flexor MN_L,L,,T2,MesoLN,14665.0,Ti flexor MN,,,,Traced,"mechanical mapping not enabled; gains, axes and effector-side validation pending",,,,,,,no_curated_group
824104,160202,vnc_motor,hl,hind,ltm MN,ltm MN_L,L,,T3,MetaLN,21963.0,ltm MN,,,,Traced,"mechanical mapping not enabled; gains, axes and effector-side validation pending",,,,,,,no_curated_group
824315,160224,vnc_motor,ml,middle,Tr flexor MN,Tr flexor MN_R,R,,T2,MesoLN,171948.0,Tr flexor MN,15006.0,,,Traced,"mechanical mapping not enabled; gains, axes and effector-side validation pending",,,,,['Tr flexor'],Tr flexor,curated_group_and_muscle_label_agree
824689,160248,vnc_motor,ml,middle,ltm MN,ltm MN_L,L,,T2,MesoLN,17419.0,ltm MN,,,,Traced,"mechanical mapping not enabled; gains, axes and effector-side validation pending",,,,,,,no_curated_group
824997,160279,vnc_motor,ml,middle,ltm MN,ltm MN_R,R,,T2,MesoLN,162830.0,ltm MN,,,,Traced,"mechanical mapping not enabled; gains, axes and effector-side validation pending",,,,,,,no_curated_group
825485,160312,vnc_motor,ml,middle,Acc. ti flexor MN,Acc. ti flexor MN_L,L,,T2,MesoLN,14213.0,Acc. ti flexor MN,,,,Traced,"mechanical mapping not enabled; gains, axes and effector-side validation pending",,,,,,,no_curated_group
825516,160314,vnc_motor,fl,front,Acc. ti flexor MN,Acc. ti flexor MN_L,L,,T1,ProLN,29554.0,Acc. ti flexor MN,,,,Traced,"mechanical mapping not enabled; gains, axes and effector-side validation pending",,,,,,,no_curated_group
825681,160327,vnc_motor,ml,middle,ltm MN,ltm MN_L,L,,T2,MesoLN,15873.0,ltm MN,,,,Traced,"mechanical mapping not enabled; gains, axes and effector-side validation pending",,,,,,,no_curated_group
825721,160330,vnc_motor,fl,front,Ta depressor MN,Ta depressor MN_R,R,,T1,ProLN,15434.0,Ta depressor MN,15434.0,,,Traced,"mechanical mapping not enabled; gains, axes and effector-side validation pending",,,,,['Ta depressor'],Ta depressor,curated_group_and_muscle_label_agree
826996,160407,vnc_motor,ml,middle,ltm2-femur MN,ltm2-femur MN_L,L,,T2,MesoLN,25447.0,ltm2-femur MN,,,,Traced,"mechanical mapping not enabled; gains, axes and effector-side validation pending",,,,,,,no_curated_group
827188,160414,vnc_motor,fl,front,Ti flexor MN,Ti flexor MN_R,R,,T1,ProLN,,Ti flexor MN,,,,Traced,"mechanical mapping not enabled; gains, axes and effector-side validation pending",,,,,,,no_curated_group
827968,160449,vnc_motor,hl,hind,Ti flexor MN,Ti flexor MN_R,R,,T3,MetaLN,37220.0,Ti flexor MN,,,,Traced,"mechanical mapping not enabled; gains, axes and effector-side validation pending",,,,,,,no_curated_group
828238,160462,vnc_motor,hl,hind,,,R,,T3,MetaLN,,,,,,Traced,"mechanical mapping not enabled; gains, axes and effector-side validation pending",,,,,,,no_curated_group
828939,160497,vnc_motor,fl,front,Tr flexor MN,Tr flexor MN_L,L,,T1,ProLN,17226.0,Tr flexor MN,,,,Traced,"mechanical mapping not enabled; gains, axes and effector-side validation pending",,,,,,,no_curated_group
828978,160500,vnc_motor,hl,hind,Sternotrochanter MN,Sternotrochanter MN_L,L,,T3,MetaLN,157503.0,Sternotrochanter MN,13069.0,,,Traced,"mechanical mapping not enabled; gains, axes and effector-side validation pending",,,,,['Sternotrochanter'],Sternotrochanter,curated_group_and_muscle_label_agree
829873,160541,vnc_motor,hl,hind,Acc. ti flexor MN,Acc. ti flexor MN_L,L,,T3,MetaLN,,Acc. ti flexor MN,,,,Traced,"mechanical mapping not enabled; gains, axes and effector-side validation pending",,,,,,,no_curated_group
830039,160550,vnc_motor,fl,front,ltm2-femur MN,ltm2-femur MN_R,R,,T1,ProLN,17050.0,ltm2-femur MN,16711.0,,,Traced,"mechanical mapping not enabled; gains, axes and effector-side validation pending",,,,,['ltm2-femur'],ltm2-femur,curated_group_and_muscle_label_agree
830480,160567,vnc_motor,ml,middle,Acc. ti flexor MN,Acc. ti flexor MN_L,L,,T2,MesoLN,24828.0,Acc. ti flexor MN,,,,Traced,"mechanical mapping not enabled; gains, axes and effector-side validation pending",,,,,,,no_curated_group
830514,160570,vnc_motor,ml,middle,Ti extensor MN,Ti extensor MN_R,R,,T2,MesoLN,11489.0,Ti extensor MN,10737.0,,,Traced,"mechanical mapping not enabled; gains, axes and effector-side validation pending",,,,,['Ti extensor'],Ti extensor,curated_group_and_muscle_label_agree
832490,160632,vnc_motor,ml,middle,Sternal anterior rotator MN,Sternal anterior rotator MN_L,L,,T2,MesoLN,16295.0,Sternal anterior rotator MN,16295.0,,,Traced,"mechanical mapping not enabled; gains, axes and effector-side validation pending",,,,,['Sternal anterior rotator'],Sternal anterior rotator,curated_group_and_muscle_label_agree
833140,160643,vnc_motor,fl,front,Acc. ti flexor MN,Acc. ti flexor MN_R,R,,T1,ProLN,16897.0,Acc. ti flexor MN,,,,Traced,"mechanical mapping not enabled; gains, axes and effector-side validation pending",,,,,,,no_curated_group
835074,160675,vnc_motor,fl,front,Fe reductor MN,Fe reductor MN_R,R,,T1,VProN,28884.0,Fe reductor MN,29484.0,,,Traced,"mechanical mapping not enabled; gains, axes and effector-side validation pending",,,,,['Fe reductor'],Fe reductor,curated_group_and_muscle_label_agree
837745,160697,vnc_motor,fl,front,Acc. ti flexor MN,Acc. ti flexor MN_R,R,,T1,ProLN,15367.0,Acc. ti flexor MN,,,,Traced,"mechanical mapping not enabled; gains, axes and effector-side validation pending",,,,,,,no_curated_group
838321,160700,vnc_motor,fl,front,Tr extensor MN,Tr extensor MN_R,R,,T1,ProAN,14536.0,Tr extensor MN,14536.0,,,Traced,"mechanical mapping not enabled; gains, axes and effector-side validation pending",,,,,['Tr extensor'],Tr extensor,curated_group_and_muscle_label_agree
840530,160723,vnc_motor,ml,middle,Tr extensor MN,Tr extensor MN_R,R,,T2,MesoLN,162833.0,Tr extensor MN,13904.0,,,Traced,"mechanical mapping not enabled; gains, axes and effector-side validation pending",,,,,['Tr extensor'],Tr extensor,curated_group_and_muscle_label_agree
840740,160727,vnc_motor,hl,hind,Ti flexor MN,Ti flexor MN_R,R,,T3,MetaLN,12504.0,Ti flexor MN,,,,Traced,"mechanical mapping not enabled; gains, axes and effector-side validation pending",,,,,,,no_curated_group
840981,160733,vnc_motor,hl,hind,Tr extensor MN,Tr extensor MN_L,L,,T3,MetaLN,162912.0,Tr extensor MN,10866.0,,,Traced,"mechanical mapping not enabled; gains, axes and effector-side validation pending",,,,,['Tr extensor'],Tr extensor,curated_group_and_muscle_label_agree
843389,160757,vnc_motor,hl,hind,Acc. ti flexor MN,Acc. ti flexor MN_L,L,,T3,MetaLN,21186.0,Acc. ti flexor MN,,,,Traced,"mechanical mapping not enabled; gains, axes and effector-side validation pending",,,,,,,no_curated_group
852673,160824,vnc_motor,ml,middle,ltm2-femur MN,ltm2-femur MN_R,R,,T2,MesoLN,13033.0,ltm2-femur MN,,,,Traced,"mechanical mapping not enabled; gains, axes and effector-side validation pending",,,,,,,no_curated_group
852881,160827,vnc_motor,hl,hind,,,R,,T3,MetaLN,23390.0,,,,,Traced,"mechanical mapping not enabled; gains, axes and effector-side validation pending",,,,,,,no_curated_group
856359,160849,vnc_motor,ml,middle,Sternotrochanter MN,Sternotrochanter MN_R,R,,T2,MesoLN,18716.0,Sternotrochanter MN,18716.0,,,Traced,"mechanical mapping not enabled; gains, axes and effector-side validation pending",,,,,['Sternotrochanter'],Sternotrochanter,curated_group_and_muscle_label_agree
857751,160857,vnc_motor,hl,hind,ltm2-femur MN,ltm2-femur MN_L,L,,T3,MetaLN,,ltm2-femur MN,,,,Traced,"mechanical mapping not enabled; gains, axes and effector-side validation pending",,,,,,,no_curated_group
858248,160859,vnc_motor,hl,hind,ltm1-tibia MN,ltm1-tibia MN_L,L,,T3,MetaLN,,ltm1-tibia MN,13241.0,,,Traced,"mechanical mapping not enabled; gains, axes and effector-side validation pending",,,,,['ltm1-tibia'],ltm1-tibia,curated_group_and_muscle_label_agree
860084,160867,vnc_motor,fl,front,ltm MN,ltm MN_R,R,,T1,ProLN,11786.0,ltm MN,11786.0,,,Traced,"mechanical mapping not enabled; gains, axes and effector-side validation pending",,,,,['ltm'],ltm,curated_group_and_muscle_label_agree
867630,160895,vnc_motor,fl,front,Acc. ti flexor MN,Acc. ti flexor MN_L,L,,T1,ProLN,13156.0,Acc. ti flexor MN,,,,Traced,"mechanical mapping not enabled; gains, axes and effector-side validation pending",,,,,,,no_curated_group
867926,160896,vnc_motor,ml,middle,Acc. tr flexor MN,Acc. tr flexor MN_R,R,,T2,MesoLN,218885.0,Acc. tr flexor MN,,,,Traced,"mechanical mapping not enabled; gains, axes and effector-side validation pending",,,,,,,no_curated_group
869369,160904,vnc_motor,hl,hind,MNhl65,MNhl65_R,R,,T3,MetaLN,13144.0,MNhl65,13144.0,,,Traced,"mechanical mapping not enabled; gains, axes and effector-side validation pending",,,,,['hind leg'],hind leg,limb_only_target
876504,160924,vnc_motor,hl,hind,,,L,,T3,MetaLN,,,,,,Traced,"mechanical mapping not enabled; gains, axes and effector-side validation pending",,,,,,,no_curated_group
890541,160951,vnc_motor,hl,hind,ltm MN,ltm MN_L,L,,T3,MetaLN,23016.0,ltm MN,,,,Traced,"mechanical mapping not enabled; gains, axes and effector-side validation pending",,,,,,,no_curated_group
895449,160960,vnc_motor,ml,middle,MNml78,MNml78_L,L,,T2,MesoLN,20551.0,MNml78,20511.0,,,Traced,"mechanical mapping not enabled; gains, axes and effector-side validation pending",,,,,['middle leg'],middle leg,limb_only_target
896719,160963,vnc_motor,hl,hind,Acc. tr flexor MN,Acc. tr flexor MN_L,L,,T3,MetaLN,34004.0,Acc. tr flexor MN,,,,Traced,"mechanical mapping not enabled; gains, axes and effector-side validation pending",,,,,,,no_curated_group
902310,161062,vnc_motor,hl,hind,Pleural remotor/abductor MN,Pleural remotor/abductor MN_L,L,,T3,MetaLN,15278.0,Pleural remotor/abductor MN,,,,Traced,"mechanical mapping not enabled; gains, axes and effector-side validation pending",,,,,,,no_curated_group
902492,161130,vnc_motor,ml,middle,Pleural remotor/abductor MN,Pleural remotor/abductor MN_L,L,,T2,MesoLN,17091.0,Pleural remotor/abductor MN,41482.0,,,Traced,"mechanical mapping not enabled; gains, axes and effector-side validation pending",,,,,['Pleural remotor/abductor'],Pleural remotor/abductor,curated_group_and_muscle_label_agree
902719,161200,vnc_motor,ml,middle,Pleural remotor/abductor MN,Pleural remotor/abductor MN_R,R,,T2,MesoLN,166337.0,Pleural remotor/abductor MN,41482.0,,,Traced,"mechanical mapping not enabled; gains, axes and effector-side validation pending",,,,,['Pleural remotor/abductor'],Pleural remotor/abductor,curated_group_and_muscle_label_agree
902962,161268,vnc_motor,hl,hind,Fe reductor MN,Fe reductor MN_R,R,,T3,MetaLN,12113.0,Fe reductor MN,12113.0,,,Traced,"mechanical mapping not enabled; gains, axes and effector-side validation pending",,,,,['Fe reductor'],Fe reductor,curated_group_and_muscle_label_agree
903010,161273,vnc_motor,fl,front,Tr flexor MN,Tr flexor MN_R,R,,T1,ProAN,21612.0,Tr flexor MN,,,,Traced,"mechanical mapping not enabled; gains, axes and effector-side validation pending",,,,,,,no_curated_group
903090,161296,vnc_motor,hl,hind,MNhl62,MNhl62_R,R,,T3,AbN1,17970.0,MNhl62,17970.0,,,Traced,"mechanical mapping not enabled; gains, axes and effector-side validation pending",,,,,['hind leg'],hind leg,limb_only_target
903158,161331,vnc_motor,ml,middle,Tr flexor MN,Tr flexor MN_L,L,,T2,MesoLN,19704.0,Tr flexor MN,15006.0,,,Traced,"mechanical mapping not enabled; gains, axes and effector-side validation pending",,,,,['Tr flexor'],Tr flexor,curated_group_and_muscle_label_agree
903159,161332,vnc_motor,ml,middle,Tr flexor MN,Tr flexor MN_L,L,,T2,MesoLN,155218.0,Tr flexor MN,15006.0,,,Traced,"mechanical mapping not enabled; gains, axes and effector-side validation pending",,,,,['Tr flexor'],Tr flexor,curated_group_and_muscle_label_agree
903298,161372,vnc_motor,fl,front,Acc. ti flexor MN,Acc. ti flexor MN_L,L,,T1,ProLN,16632.0,Acc. ti flexor MN,,,,Traced,"mechanical mapping not enabled; gains, axes and effector-side validation pending",,,,,,,no_curated_group
903363,161393,vnc_motor,ml,middle,Ti flexor MN,Ti flexor MN_R,R,,T2,MesoLN,167438.0,Ti flexor MN,,,,Traced,"mechanical mapping not enabled; gains, axes and effector-side validation pending",,,,,,,no_curated_group
903508,161462,vnc_motor,ml,middle,MNml81,MNml81_L,L,,T2,MesoLN,13036.0,MNml81,13036.0,,,Traced,"mechanical mapping not enabled; gains, axes and effector-side validation pending",,,,,['middle leg'],middle leg,limb_only_target
903579,161499,vnc_motor,ml,middle,Tr flexor MN,Tr flexor MN_L,L,,T2,MesoLN,167442.0,Tr flexor MN,19983.0,,,Traced,"mechanical mapping not enabled; gains, axes and effector-side validation pending",,,,,['Tr flexor'],Tr flexor,curated_group_and_muscle_label_agree
903642,161522,vnc_motor,hl,hind,Sternal posterior rotator MN,Sternal posterior rotator MN_R,R,,T3,MetaLN,17947.0,Sternal posterior rotator MN,,,,Traced,"mechanical mapping not enabled; gains, axes and effector-side validation pending",,,,,,,no_curated_group
903643,161523,vnc_motor,hl,hind,Sternal posterior rotator MN,Sternal posterior rotator MN_R,R,,T3,MetaLN,11400.0,Sternal posterior rotator MN,,,,Traced,"mechanical mapping not enabled; gains, axes and effector-side validation pending",,,,,,,no_curated_group
903689,161534,vnc_motor,ml,middle,Sternal anterior rotator MN,Sternal anterior rotator MN_L,L,,T2,MesoLN,20119.0,Sternal anterior rotator MN,20119.0,,,Traced,"mechanical mapping not enabled; gains, axes and effector-side validation pending",,,,,['Sternal anterior rotator'],Sternal anterior rotator,curated_group_and_muscle_label_agree
903844,161583,vnc_motor,ml,middle,MNml80,MNml80_R,R,,T2,MesoLN,15616.0,MNml80,15616.0,,,Traced,"mechanical mapping not enabled; gains, axes and effector-side validation pending",,,,,['middle leg'],middle leg,limb_only_target
904184,161710,vnc_motor,hl,hind,Sternal adductor MN,Sternal adductor MN_L,L,,T3,MetaLN,29483.0,Sternal adductor MN,,,,Traced,"mechanical mapping not enabled; gains, axes and effector-side validation pending",,,,,,,no_curated_group
904657,161824,vnc_motor,ml,middle,Sternotrochanter MN,Sternotrochanter MN_L,L,,T2,MesoLN,26132.0,Sternotrochanter MN,19094.0,,,Traced,"mechanical mapping not enabled; gains, axes and effector-side validation pending",,,,,['Sternotrochanter'],Sternotrochanter,curated_group_and_muscle_label_agree
905145,162016,vnc_motor,ml,middle,Fe reductor MN,Fe reductor MN_R,R,,T2,MesoLN,16552.0,Fe reductor MN,16552.0,,,Traced,"mechanical mapping not enabled; gains, axes and effector-side validation pending",,,,,['Fe reductor'],Fe reductor,curated_group_and_muscle_label_agree
905235,162056,vnc_motor,ml,middle,Acc. ti flexor MN,Acc. ti flexor MN_R,R,,T2,MesoLN,,Acc. ti flexor MN,16495.0,,,Traced,"mechanical mapping not enabled; gains, axes and effector-side validation pending",,,,,['Acc. ti flexor'],Acc. ti flexor,curated_group_and_muscle_label_agree
905236,162057,vnc_motor,ml,middle,MNml80,MNml80_R,R,,T2,MesoLN,16497.0,MNml80,15616.0,,,Traced,"mechanical mapping not enabled; gains, axes and effector-side validation pending",,,,,['middle leg'],middle leg,limb_only_target
905421,162118,vnc_motor,ml,middle,Pleural remotor/abductor MN,Pleural remotor/abductor MN_L,L,,T2,MesoLN,21255.0,Pleural remotor/abductor MN,41482.0,,,Traced,"mechanical mapping not enabled; gains, axes and effector-side validation pending",,,,,['Pleural remotor/abductor'],Pleural remotor/abductor,curated_group_and_muscle_label_agree
905487,162133,vnc_motor,ml,middle,ltm MN,ltm MN_R,R,,T2,MesoLN,35735.0,ltm MN,35735.0,,,Traced,"mechanical mapping not enabled; gains, axes and effector-side validation pending",,,,,['ltm'],ltm,curated_group_and_muscle_label_agree
905559,162164,vnc_motor,ml,middle,MNml79,MNml79_R,R,,T2,MesoLN,32253.0,MNml79,17964.0,,,Traced,"mechanical mapping not enabled; gains, axes and effector-side validation pending",,,,,['middle leg'],middle leg,limb_only_target
905586,162174,vnc_motor,hl,hind,Acc. tr flexor MN,Acc. tr flexor MN_R,R,,T3,MetaLN,19613.0,Acc. tr flexor MN,,,,Traced,"mechanical mapping not enabled; gains, axes and effector-side validation pending",,,,,,,no_curated_group
905661,162200,vnc_motor,hl,hind,Tr extensor MN,Tr extensor MN_R,R,,T3,MetaLN,165340.0,Tr extensor MN,100826.0,,,Traced,"mechanical mapping not enabled; gains, axes and effector-side validation pending",,,,,['Tr extensor'],Tr extensor,curated_group_and_muscle_label_agree
905792,162240,vnc_motor,hl,hind,MNhl01,MNhl01_R,R,,T3,AbN1,15735.0,MNhl01,15735.0,,,Traced,"mechanical mapping not enabled; gains, axes and effector-side validation pending",,,,,['hind leg'],hind leg,limb_only_target
905849,162260,vnc_motor,hl,hind,Tergotr. MN,Tergotr. MN_R,R,,T3,AbN1,13434.0,Tergotr. MN,13434.0,,,Traced,"mechanical mapping not enabled; gains, axes and effector-side validation pending",,,,,['Tergotr.'],Tergotr.,curated_group_and_muscle_label_agree
905928,162294,vnc_motor,hl,hind,Tr flexor MN,Tr flexor MN_R,R,,T3,MetaLN,26883.0,Tr flexor MN,,,,Traced,"mechanical mapping not enabled; gains, axes and effector-side validation pending",,,,,,,no_curated_group
906235,162378,vnc_motor,hl,hind,Sternal anterior rotator MN,Sternal anterior rotator MN_R,R,,T3,MetaLN,11022.0,Sternal anterior rotator MN,11022.0,,,Traced,"mechanical mapping not enabled; gains, axes and effector-side validation pending",,,,,['Sternal anterior rotator'],Sternal anterior rotator,curated_group_and_muscle_label_agree
907256,162602,vnc_motor,hl,hind,Sternal posterior rotator MN,Sternal posterior rotator MN_R,R,,T3,MetaLN,154133.0,Sternal posterior rotator MN,,,,Traced,"mechanical mapping not enabled; gains, axes and effector-side validation pending",,,,,,,no_curated_group
907387,162641,vnc_motor,ml,middle,MNml77,MNml77_R,R,,T2,MesoLN,30781.0,MNml77,103416.0,,,Traced,"mechanical mapping not enabled; gains, axes and effector-side validation pending",,,,,['middle leg'],middle leg,limb_only_target
907422,162655,vnc_motor,ml,middle,MNml78,MNml78_L,L,,T2,MesoLN,25956.0,MNml78,20511.0,,,Traced,"mechanical mapping not enabled; gains, axes and effector-side validation pending",,,,,['middle leg'],middle leg,limb_only_target
907443,162662,vnc_motor,ml,middle,ltm1-tibia MN,ltm1-tibia MN_L,L,,T2,MesoLN,101736.0,ltm1-tibia MN,,,,Traced,"mechanical mapping not enabled; gains, axes and effector-side validation pending",,,,,,,no_curated_group
907848,162781,vnc_motor,ml,middle,Acc. ti flexor MN,Acc. ti flexor MN_R,R,,T2,MesoLN,14849.0,Acc. ti flexor MN,,,,Traced,"mechanical mapping not enabled; gains, axes and effector-side validation pending",,,,,,,no_curated_group
908094,162869,vnc_motor,ml,middle,Acc. ti flexor MN,Acc. ti flexor MN_L,L,,T2,MesoLN,25212.0,Acc. ti flexor MN,16495.0,,,Traced,"mechanical mapping not enabled; gains, axes and effector-side validation pending",,,,,['Acc. ti flexor'],Acc. ti flexor,curated_group_and_muscle_label_agree
908673,163062,vnc_motor,ml,middle,ltm2-femur MN,ltm2-femur MN_R,R,,T2,MesoLN,28532466490.0,ltm2-femur MN,,,,Traced,"mechanical mapping not enabled; gains, axes and effector-side validation pending",,,,,,,no_curated_group
908762,163110,vnc_motor,hl,hind,Ti flexor MN,Ti flexor MN_L,L,,T3,MetaLN,14468.0,Ti flexor MN,,,,Traced,"mechanical mapping not enabled; gains, axes and effector-side validation pending",,,,,,,no_curated_group
909078,163238,vnc_motor,ml,middle,Tr extensor MN,Tr extensor MN_L,L,,T2,MesoLN,30306.0,Tr extensor MN,17930.0,,,Traced,"mechanical mapping not enabled; gains, axes and effector-side validation pending",,,,,['Tr extensor'],Tr extensor,curated_group_and_muscle_label_agree
909255,163317,vnc_motor,ml,middle,Acc. ti flexor MN,Acc. ti flexor MN_R,R,,T2,MesoLN,39941.0,Acc. ti flexor MN,13784.0,,,Traced,"mechanical mapping not enabled; gains, axes and effector-side validation pending",,,,,['Acc. ti flexor'],Acc. ti flexor,curated_group_and_muscle_label_agree
909371,163357,vnc_motor,ml,middle,Sternal adductor MN,Sternal adductor MN_R,R,,T2,MesoLN,171055.0,Sternal adductor MN,13817.0,,,Traced,"mechanical mapping not enabled; gains, axes and effector-side validation pending",,,,,['Sternal adductor'],Sternal adductor,curated_group_and_muscle_label_agree
909521,163414,vnc_motor,fl,front,Tergotr. MN,Tergotr. MN_R,R,,T1,VProN,37234.0,Tergotr. MN,,,,Traced,"mechanical mapping not enabled; gains, axes and effector-side validation pending",,,,,,,no_curated_group
909618,163451,vnc_motor,fl,front,Acc. tr flexor MN,Acc. tr flexor MN_L,L,,T1,ProLN,26588.0,Acc. tr flexor MN,14783.0,,,Traced,"mechanical mapping not enabled; gains, axes and effector-side validation pending",,,,,['Acc. tr flexor'],Acc. tr flexor,curated_group_and_muscle_label_agree
909713,163472,vnc_motor,fl,front,Acc. ti flexor MN,Acc. ti flexor MN_R,R,,T1,ProLN,16492.0,Acc. ti flexor MN,,,,Traced,"mechanical mapping not enabled; gains, axes and effector-side validation pending",,,,,,,no_curated_group
909831,163516,vnc_motor,fl,front,Ti flexor MN,Ti flexor MN_L,L,,T1,ProLN,14798.0,Ti flexor MN,,,,Traced,"mechanical mapping not enabled; gains, axes and effector-side validation pending",,,,,,,no_curated_group
910095,163575,vnc_motor,ml,middle,Tr flexor MN,Tr flexor MN_R,R,,T2,MesoLN,34115.0,Tr flexor MN,,,,Traced,"mechanical mapping not enabled; gains, axes and effector-side validation pending",,,,,,,no_curated_group
910178,163599,vnc_motor,hl,hind,Ti flexor MN,Ti flexor MN_R,R,,T3,MetaLN,12800.0,Ti flexor MN,12585.0,,,Traced,"mechanical mapping not enabled; gains, axes and effector-side validation pending",,,,,['Ti flexor'],Ti flexor,curated_group_and_muscle_label_agree
910296,163623,vnc_motor,hl,hind,Acc. ti flexor MN,Acc. ti flexor MN_R,R,,T3,MetaLN,19260.0,Acc. ti flexor MN,,,,Traced,"mechanical mapping not enabled; gains, axes and effector-side validation pending",,,,,,,no_curated_group
910334,163643,vnc_motor,fl,front,ltm MN,ltm MN_L,L,,T1,ProLN,47642.0,ltm MN,24139.0,,,Traced,"mechanical mapping not enabled; gains, axes and effector-side validation pending",,,,,['ltm'],ltm,curated_group_and_muscle_label_agree
911134,163835,vnc_motor,fl,front,Acc. tr flexor MN,Acc. tr flexor MN_L,L,,T1,ProLN,23048.0,Acc. tr flexor MN,14783.0,,,Traced,"mechanical mapping not enabled; gains, axes and effector-side validation pending",,,,,['Acc. tr flexor'],Acc. tr flexor,curated_group_and_muscle_label_agree
911453,163895,vnc_motor,fl,front,ltm MN,ltm MN_L,L,,T1,ProLN,173560.0,ltm MN,,,,Traced,"mechanical mapping not enabled; gains, axes and effector-side validation pending",,,,,,,no_curated_group
912694,164175,vnc_motor,hl,hind,ltm1-tibia MN,ltm1-tibia MN_L,L,,T3,MetaLN,15712.0,ltm1-tibia MN,10811.0,,,Traced,"mechanical mapping not enabled; gains, axes and effector-side validation pending",,,,,['ltm1-tibia'],ltm1-tibia,curated_group_and_muscle_label_agree
914655,164374,vnc_motor,fl,front,Tr flexor MN,Tr flexor MN_R,R,,T1,ProLN,20673.0,Tr flexor MN,,,,Traced,"mechanical mapping not enabled; gains, axes and effector-side validation pending",,,,,,,no_curated_group
914837,164388,vnc_motor,hl,hind,ltm1-tibia MN,ltm1-tibia MN_R,R,,T3,MetaLN,15380.0,ltm1-tibia MN,13241.0,,,Traced,"mechanical mapping not enabled; gains, axes and effector-side validation pending",,,,,['ltm1-tibia'],ltm1-tibia,curated_group_and_muscle_label_agree
914852,164393,vnc_motor,hl,hind,Acc. tr flexor MN,Acc. tr flexor MN_R,R,,T3,MetaLN,17693.0,Acc. tr flexor MN,,,,Traced,"mechanical mapping not enabled; gains, axes and effector-side validation pending",,,,,,,no_curated_group
919509,164512,vnc_motor,fl,front,Sternal anterior rotator MN,Sternal anterior rotator MN_L,L,,T1,VProN,17176.0,Sternal anterior rotator MN,,,,Traced,"mechanical mapping not enabled; gains, axes and effector-side validation pending",,,,,,,no_curated_group
924142,164610,vnc_motor,ml,middle,Tr flexor MN,Tr flexor MN_R,R,,T2,MesoLN,158769.0,Tr flexor MN,,,,Traced,"mechanical mapping not enabled; gains, axes and effector-side validation pending",,,,,,,no_curated_group
924189,164612,vnc_motor,fl,front,ltm MN,ltm MN_R,R,,T1,ProLN,154803.0,ltm MN,24139.0,,,Traced,"mechanical mapping not enabled; gains, axes and effector-side validation pending",,,,,['ltm'],ltm,curated_group_and_muscle_label_agree
924716,164621,vnc_motor,fl,front,Tergotr. MN,Tergotr. MN_R,R,,T1,VProN,,Tergotr. MN,,,,Traced,"mechanical mapping not enabled; gains, axes and effector-side validation pending",,,,,,,no_curated_group
927808,164711,vnc_motor,ml,middle,Ti flexor MN,Ti flexor MN_L,L,,T2,MesoLN,153335.0,Ti flexor MN,15623.0,,,Traced,"mechanical mapping not enabled; gains, axes and effector-side validation pending",,,,,['Ti flexor'],Ti flexor,curated_group_and_muscle_label_agree
927828,164713,vnc_motor,ml,middle,Acc. tr flexor MN,Acc. tr flexor MN_L,L,,T2,MesoLN,156180.0,Acc. tr flexor MN,102019.0,,,Traced,"mechanical mapping not enabled; gains, axes and effector-side validation pending",,,,,['Acc. tr flexor'],Acc. tr flexor,curated_group_and_muscle_label_agree
928579,164731,vnc_motor,ml,middle,Ti extensor MN,Ti extensor MN_R,R,,T2,MesoLN,,Ti extensor MN,10461.0,,,Traced,"mechanical mapping not enabled; gains, axes and effector-side validation pending",,,,,['Ti extensor'],Ti extensor,curated_group_and_muscle_label_agree
929376,164757,vnc_motor,hl,hind,Ti flexor MN,Ti flexor MN_L,L,,T3,MetaLN,14339.0,Ti flexor MN,,,,Traced,"mechanical mapping not enabled; gains, axes and effector-side validation pending",,,,,,,no_curated_group
934091,164915,vnc_motor,fl,front,Tergopleural/Pleural promotor MN,Tergopleural/Pleural promotor MN_L,L,,T1,DProN,13490.0,Tergopleural/Pleural promotor MN,13464.0,,,Traced,"mechanical mapping not enabled; gains, axes and effector-side validation pending",,,,,['Tergopleural/Pleural promotor'],Tergopleural/Pleural promotor,curated_group_and_muscle_label_agree
934519,164928,vnc_motor,hl,hind,Acc. ti flexor MN,Acc. ti flexor MN_L,L,,T3,MetaLN,25599.0,Acc. ti flexor MN,,,,Traced,"mechanical mapping not enabled; gains, axes and effector-side validation pending",,,,,,,no_curated_group
936696,165084,vnc_motor,hl,hind,MNhl65,MNhl65_L,L,,T3,MetaLN,19480.0,MNhl65,13144.0,,,Traced,"mechanical mapping not enabled; gains, axes and effector-side validation pending",,,,,['hind leg'],hind leg,limb_only_target
939950,165138,vnc_motor,hl,hind,MNhl60,MNhl60_R,R,,T3,MetaLN,27205.0,MNhl60,27205.0,,,Traced,"mechanical mapping not enabled; gains, axes and effector-side validation pending",,,,,['hind leg'],hind leg,limb_only_target
1050003192,166678,vnc_motor,hl,hind,Acc. ti flexor MN,Acc. ti flexor MN_L,L,,T3,MetaLN,14226.0,Acc. ti flexor MN,,,,Traced,"mechanical mapping not enabled; gains, axes and effector-side validation pending",,,,,,,no_curated_group
1050005026,166679,vnc_motor,fl,front,Acc. ti flexor MN,Acc. ti flexor MN_R,R,,T1,ProLN,154804.0,Acc. ti flexor MN,,,,Traced,"mechanical mapping not enabled; gains, axes and effector-side validation pending",,,,,,,no_curated_group
1050013311,166681,vnc_motor,hl,hind,Ti flexor MN,Ti flexor MN_R,R,,T3,MetaLN,22465.0,Ti flexor MN,,,,Traced,"mechanical mapping not enabled; gains, axes and effector-side validation pending",,,,,,,no_curated_group
1050013851,166682,vnc_motor,fl,front,ltm MN,ltm MN_R,R,,T1,ProLN,15317.0,ltm MN,,,,Traced,"mechanical mapping not enabled; gains, axes and effector-side validation pending",,,,,,,no_curated_group
1050015101,166684,vnc_motor,fl,front,ltm MN,ltm MN_R,R,,T1,ProLN,27078.0,ltm MN,24139.0,,,Traced,"mechanical mapping not enabled; gains, axes and effector-side validation pending",,,,,['ltm'],ltm,curated_group_and_muscle_label_agree
1050031705,166687,vnc_motor,fl,front,Ti flexor MN,Ti flexor MN_R,R,,T1,ProLN,,Ti flexor MN,,,,Traced,"mechanical mapping not enabled; gains, axes and effector-side validation pending",,,,,,,no_curated_group
1050032839,166688,vnc_motor,hl,hind,Acc. ti flexor MN,Acc. ti flexor MN_R,R,,T3,MetaLN,,Acc. ti flexor MN,,,,Traced,"mechanical mapping not enabled; gains, axes and effector-side validation pending",,,,,,,no_curated_group
1050038433,166689,vnc_motor,hl,hind,Acc. tr flexor MN,Acc. tr flexor MN_L,L,,T3,MetaLN,37741.0,Acc. tr flexor MN,,,,Traced,"mechanical mapping not enabled; gains, axes and effector-side validation pending",,,,,,,no_curated_group
1050046221,166692,vnc_motor,ml,middle,MNml80,MNml80_L,L,,T2,MesoLN,25956.0,MNml80,15616.0,,,Traced,"mechanical mapping not enabled; gains, axes and effector-side validation pending",,,,,['middle leg'],middle leg,limb_only_target
1050080384,166696,vnc_motor,hl,hind,ltm MN,ltm MN_L,L,,T3,MetaLN,14343.0,ltm MN,,,,Traced,"mechanical mapping not enabled; gains, axes and effector-side validation pending",,,,,,,no_curated_group
1050088257,166697,vnc_motor,hl,hind,Ti flexor MN,Ti flexor MN_L,L,,T3,MetaLN,,Ti flexor MN,,,,Traced,"mechanical mapping not enabled; gains, axes and effector-side validation pending",,,,,,,no_curated_group
1050091102,166698,vnc_motor,hl,hind,ltm MN,ltm MN_R,R,,T3,MetaLN,11480.0,ltm MN,,,,Traced,"mechanical mapping not enabled; gains, axes and effector-side validation pending",,,,,,,no_curated_group
1050091581,166699,vnc_motor,fl,front,Acc. ti flexor MN,Acc. ti flexor MN_R,R,,T1,ProLN,18963.0,Acc. ti flexor MN,,,,Traced,"mechanical mapping not enabled; gains, axes and effector-side validation pending",,,,,,,no_curated_group
1050098047,166700,vnc_motor,hl,hind,Tr flexor MN,Tr flexor MN_R,R,,T3,MetaLN,40443.0,Tr flexor MN,,,,Traced,"mechanical mapping not enabled; gains, axes and effector-side validation pending",,,,,,,no_curated_group
1050100010,166701,vnc_motor,hl,hind,Ti flexor MN,Ti flexor MN_L,L,,T3,MetaLN,12585.0,Ti flexor MN,,,,Traced,"mechanical mapping not enabled; gains, axes and effector-side validation pending",,,,,,,no_curated_group
1050102118,166702,vnc_motor,hl,hind,Acc. tr flexor MN,Acc. tr flexor MN_R,R,,T3,MetaLN,96565.0,Acc. tr flexor MN,,,,Traced,"mechanical mapping not enabled; gains, axes and effector-side validation pending",,,,,,,no_curated_group
1050111955,166703,vnc_motor,fl,front,Ta levator MN,Ta levator MN_L,L,,T1,ProLN,25674.0,Ta levator MN,15446.0,,,Traced,"mechanical mapping not enabled; gains, axes and effector-side validation pending",,,,,['Ta levator'],Ta levator,curated_group_and_muscle_label_agree
1050115387,166706,vnc_motor,fl,front,Acc. ti flexor MN,Acc. ti flexor MN_L,L,,T1,ProLN,15791.0,Acc. ti flexor MN,,,,Traced,"mechanical mapping not enabled; gains, axes and effector-side validation pending",,,,,,,no_curated_group
1050119039,166707,vnc_motor,ml,middle,MNml78,MNml78_L,L,,T2,MesoLN,30709.0,MNml78,20511.0,,,Traced,"mechanical mapping not enabled; gains, axes and effector-side validation pending",,,,,['middle leg'],middle leg,limb_only_target
1050123559,166708,vnc_motor,hl,hind,Acc. ti flexor MN,Acc. ti flexor MN_L,L,,T3,MetaLN,27733.0,Acc. ti flexor MN,,,,Traced,"mechanical mapping not enabled; gains, axes and effector-side validation pending",,,,,,,no_curated_group
1050126678,166709,vnc_motor,fl,front,Acc. ti flexor MN,Acc. ti flexor MN_R,R,,T1,ProLN,14824.0,Acc. ti flexor MN,,,,Traced,"mechanical mapping not enabled; gains, axes and effector-side validation pending",,,,,,,no_curated_group
1050139141,166714,vnc_motor,hl,hind,Acc. tr flexor MN,Acc. tr flexor MN_L,L,,T3,MetaLN,22487.0,Acc. tr flexor MN,,,,Traced,"mechanical mapping not enabled; gains, axes and effector-side validation pending",,,,,,,no_curated_group
1050151215,166718,vnc_motor,ml,middle,MNml78,MNml78_L,L,,T2,MesoLN,167919.0,MNml78,20511.0,,,Traced,"mechanical mapping not enabled; gains, axes and effector-side validation pending",,,,,['middle leg'],middle leg,limb_only_target
1050156705,166720,vnc_motor,fl,front,Acc. ti flexor MN,Acc. ti flexor MN_R,R,,T1,ProLN,19048.0,Acc. ti flexor MN,,,,Traced,"mechanical mapping not enabled; gains, axes and effector-side validation pending",,,,,,,no_curated_group
1050160514,166722,vnc_motor,hl,hind,Acc. ti flexor MN,Acc. ti flexor MN_R,R,,T3,MetaLN,20593.0,Acc. ti flexor MN,,,,Traced,"mechanical mapping not enabled; gains, axes and effector-side validation pending",,,,,,,no_curated_group
1050160593,166723,vnc_motor,ml,middle,MNml76,MNml76_R,R,,T2,MesoLN,156505.0,MNml76,,,,Traced,"mechanical mapping not enabled; gains, axes and effector-side validation pending",,,,,,,no_curated_group
1050166426,166725,vnc_motor,hl,hind,Ti flexor MN,Ti flexor MN_L,L,,T3,MetaLN,15038.0,Ti flexor MN,,,,Traced,"mechanical mapping not enabled; gains, axes and effector-side validation pending",,,,,,,no_curated_group
1050174251,166727,vnc_motor,hl,hind,ltm2-femur MN,ltm2-femur MN_R,R,,T3,MetaLN,14773.0,ltm2-femur MN,,,,Traced,"mechanical mapping not enabled; gains, axes and effector-side validation pending",,,,,,,no_curated_group
1050189039,166733,vnc_motor,fl,front,Ti flexor MN,Ti flexor MN_R,R,,T1,ProLN,13283.0,Ti flexor MN,,,,Traced,"mechanical mapping not enabled; gains, axes and effector-side validation pending",,,,,,,no_curated_group
1050194310,166736,vnc_motor,hl,hind,Tr flexor MN,Tr flexor MN_L,L,,T3,MetaLN,166171.0,Tr flexor MN,17137.0,,,Traced,"mechanical mapping not enabled; gains, axes and effector-side validation pending",,,,,['Tr flexor'],Tr flexor,curated_group_and_muscle_label_agree
1050202259,166739,vnc_motor,hl,hind,MNhl65,MNhl65_L,L,,T3,MetaLN,,MNhl65,13144.0,,,Traced,"mechanical mapping not enabled; gains, axes and effector-side validation pending",,,,,['hind leg'],hind leg,limb_only_target
1050202461,166740,vnc_motor,hl,hind,Acc. ti flexor MN,Acc. ti flexor MN_R,R,,T3,MetaLN,12725.0,Acc. ti flexor MN,,,,Traced,"mechanical mapping not enabled; gains, axes and effector-side validation pending",,,,,,,no_curated_group
1050203465,166741,vnc_motor,hl,hind,ltm MN,ltm MN_R,R,,T3,MetaLN,29950.0,ltm MN,,,,Traced,"mechanical mapping not enabled; gains, axes and effector-side validation pending",,,,,,,no_curated_group
1050233038,166748,vnc_motor,hl,hind,Acc. ti flexor MN,Acc. ti flexor MN_L,L,,T3,MetaLN,25885.0,Acc. ti flexor MN,,,,Traced,"mechanical mapping not enabled; gains, axes and effector-side validation pending",,,,,,,no_curated_group
1050239701,166749,vnc_motor,hl,hind,Acc. tr flexor MN,Acc. tr flexor MN_L,L,,T3,MetaLN,,Acc. tr flexor MN,,,,Traced,"mechanical mapping not enabled; gains, axes and effector-side validation pending",,,,,,,no_curated_group
1050248133,166751,vnc_motor,fl,front,Ta depressor MN,Ta depressor MN_R,R,,T1,ProLN,20373.0,Ta depressor MN,,,,Traced,"mechanical mapping not enabled; gains, axes and effector-side validation pending",,,,,,,no_curated_group
1050251718,166752,vnc_motor,fl,front,ltm2-femur MN,ltm2-femur MN_R,R,,T1,ProLN,15720.0,ltm2-femur MN,,,,Traced,"mechanical mapping not enabled; gains, axes and effector-side validation pending",,,,,,,no_curated_group
1050263576,166754,vnc_motor,hl,hind,Acc. ti flexor MN,Acc. ti flexor MN_L,L,,T3,MetaLN,12759.0,Acc. ti flexor MN,,,,Traced,"mechanical mapping not enabled; gains, axes and effector-side validation pending",,,,,,,no_curated_group
1050268065,166755,vnc_motor,fl,front,Acc. ti flexor MN,Acc. ti flexor MN_R,R,,T1,ProLN,20605.0,Acc. ti flexor MN,,,,Traced,"mechanical mapping not enabled; gains, axes and effector-side validation pending",,,,,,,no_curated_group
1050272154,166756,vnc_motor,hl,hind,,,L,,T3,MetaLN,,,,,,Traced,"mechanical mapping not enabled; gains, axes and effector-side validation pending",,,,,,,no_curated_group
1050274189,166757,vnc_motor,hl,hind,MNhl60,MNhl60_L,L,,T3,MetaLN,100824.0,MNhl60,27205.0,reconstruction state mcns,,Traced,"mechanical mapping not enabled; gains, axes and effector-side validation pending",,,,,['hind leg'],hind leg,limb_only_target
1050303231,166761,vnc_motor,hl,hind,Ti flexor MN,Ti flexor MN_R,R,,T3,MetaLN,12474.0,Ti flexor MN,,,,Traced,"mechanical mapping not enabled; gains, axes and effector-side validation pending",,,,,,,no_curated_group
1050306082,166762,vnc_motor,fl,front,Acc. tr flexor MN,Acc. tr flexor MN_R,R,,T1,ProLN,13563.0,Acc. tr flexor MN,,,,Traced,"mechanical mapping not enabled; gains, axes and effector-side validation pending",,,,,,,no_curated_group
1050335829,166764,vnc_motor,fl,front,Sternal posterior rotator MN,Sternal posterior rotator MN_L,L,,T1,ProAN,,Sternal posterior rotator MN,21241.0,,,Traced,"mechanical mapping not enabled; gains, axes and effector-side validation pending",,,,,['Sternal posterior rotator'],Sternal posterior rotator,curated_group_and_muscle_label_agree
1050340850,166765,vnc_motor,fl,front,,,R,,T1,ProLN,16658.0,,,,,Traced,"mechanical mapping not enabled; gains, axes and effector-side validation pending",,,,,,,no_curated_group
1050349786,166766,vnc_motor,fl,front,Acc. tr flexor MN,Acc. tr flexor MN_R,R,,T1,ProLN,22729.0,Acc. tr flexor MN,,,,Traced,"mechanical mapping not enabled; gains, axes and effector-side validation pending",,,,,,,no_curated_group
1050380236,166773,vnc_motor,fl,front,Ta depressor MN,Ta depressor MN_R,R,,T1,ProLN,26658.0,Ta depressor MN,,,,Traced,"mechanical mapping not enabled; gains, axes and effector-side validation pending",,,,,,,no_curated_group
1050403926,166776,vnc_motor,fl,front,Ta depressor MN,Ta depressor MN_L,L,,T1,ProLN,15023.0,Ta depressor MN,,,,Traced,"mechanical mapping not enabled; gains, axes and effector-side validation pending",,,,,,,no_curated_group
1050460102,166787,vnc_motor,hl,hind,Acc. ti flexor MN,Acc. ti flexor MN_R,R,,T3,MetaLN,21991.0,Acc. ti flexor MN,,,,Traced,"mechanical mapping not enabled; gains, axes and effector-side validation pending",,,,,,,no_curated_group
1050493413,166789,vnc_motor,hl,hind,Sternal posterior rotator MN,Sternal posterior rotator MN_R,R,,T3,MetaLN,28219.0,Sternal posterior rotator MN,28219.0,,,Traced,"mechanical mapping not enabled; gains, axes and effector-side validation pending",,,,,['Sternal posterior rotator'],Sternal posterior rotator,curated_group_and_muscle_label_agree
1050607195,166799,vnc_motor,ml,middle,Fe reductor MN,Fe reductor MN_L,L,,T2,MesoLN,158681.0,Fe reductor MN,,,,Traced,"mechanical mapping not enabled; gains, axes and effector-side validation pending",,,,,,,no_curated_group
1050615112,166800,vnc_motor,fl,front,ltm2-femur MN,ltm2-femur MN_L,L,,T1,ProLN,15818.0,ltm2-femur MN,16711.0,,,Traced,"mechanical mapping not enabled; gains, axes and effector-side validation pending",,,,,['ltm2-femur'],ltm2-femur,curated_group_and_muscle_label_agree
1050660827,166805,vnc_motor,fl,front,Ta depressor MN,Ta depressor MN_L,L,,T1,ProLN,166374.0,Ta depressor MN,,,,Traced,"mechanical mapping not enabled; gains, axes and effector-side validation pending",,,,,,,no_curated_group
1050669248,166806,vnc_motor,ml,middle,Tr flexor MN,Tr flexor MN_L,L,,T2,MesoLN,153315.0,Tr flexor MN,15006.0,,,Traced,"mechanical mapping not enabled; gains, axes and effector-side validation pending",,,,,['Tr flexor'],Tr flexor,curated_group_and_muscle_label_agree
1050673969,166807,vnc_motor,ml,middle,MNml80,MNml80_R,R,,T2,MesoLN,18664.0,MNml80,,,,Traced,"mechanical mapping not enabled; gains, axes and effector-side validation pending",,,,,,,no_curated_group
1050730563,166810,vnc_motor,hl,hind,Acc. tr flexor MN,Acc. tr flexor MN_L,L,,T3,MetaLN,24668.0,Acc. tr flexor MN,,,,Traced,"mechanical mapping not enabled; gains, axes and effector-side validation pending",,,,,,,no_curated_group
1050815462,166819,vnc_motor,fl,front,Ta depressor MN,Ta depressor MN_R,R,,T1,ProLN,26777.0,Ta depressor MN,,,,Traced,"mechanical mapping not enabled; gains, axes and effector-side validation pending",,,,,,,no_curated_group
1050938258,166832,vnc_motor,hl,hind,Tr flexor MN,Tr flexor MN_R,R,,T3,MetaLN,17137.0,Tr flexor MN,17137.0,,,Traced,"mechanical mapping not enabled; gains, axes and effector-side validation pending",,,,,['Tr flexor'],Tr flexor,curated_group_and_muscle_label_agree
1051054875,166843,vnc_motor,ml,middle,Sternal posterior rotator MN,Sternal posterior rotator MN_L,L,,T2,MesoLN,172408.0,Sternal posterior rotator MN,11529.0,,,Traced,"mechanical mapping not enabled; gains, axes and effector-side validation pending",,,,,['Sternal posterior rotator'],Sternal posterior rotator,curated_group_and_muscle_label_agree
1051062549,166846,vnc_motor,fl,front,Ta depressor MN,Ta depressor MN_L,L,,T1,ProLN,,Ta depressor MN,15434.0,,,Traced,"mechanical mapping not enabled; gains, axes and effector-side validation pending",,,,,['Ta depressor'],Ta depressor,curated_group_and_muscle_label_agree
1051236875,166861,vnc_motor,hl,hind,Acc. tr flexor MN,Acc. tr flexor MN_L,L,,T3,MetaLN,23117.0,Acc. tr flexor MN,,,,Traced,"mechanical mapping not enabled; gains, axes and effector-side validation pending",,,,,,,no_curated_group
1051356801,166869,vnc_motor,ml,middle,Acc. ti flexor MN,Acc. ti flexor MN_L,L,,T2,MesoLN,21262.0,Acc. ti flexor MN,,,,Traced,"mechanical mapping not enabled; gains, axes and effector-side validation pending",,,,,,,no_curated_group
1051367796,166872,vnc_motor,fl,front,Tr flexor MN,Tr flexor MN_L,L,,T1,ProAN,158694.0,Tr flexor MN,,,,Traced,"mechanical mapping not enabled; gains, axes and effector-side validation pending",,,,,,,no_curated_group
1051670893,166886,vnc_motor,fl,front,Tr flexor MN,Tr flexor MN_L,L,,T1,ProAN,26613.0,Tr flexor MN,,,,Traced,"mechanical mapping not enabled; gains, axes and effector-side validation pending",,,,,,,no_curated_group
1051680335,166887,vnc_motor,hl,hind,,,L,,T3,MetaLN,13192.0,,,,,Traced,"mechanical mapping not enabled; gains, axes and effector-side validation pending",,,,,,,no_curated_group
1052407897,166929,vnc_motor,fl,front,,,R,,T1,ProLN,16203.0,,,,,Traced,"mechanical mapping not enabled; gains, axes and effector-side validation pending",,,,,,,no_curated_group
1052521030,166931,vnc_motor,ml,middle,Acc. ti flexor MN,Acc. ti flexor MN_R,R,,T2,MesoLN,16017.0,Acc. ti flexor MN,,,,Traced,"mechanical mapping not enabled; gains, axes and effector-side validation pending",,,,,,,no_curated_group
1057471940,167038,vnc_motor,fl,front,ltm1-tibia MN,ltm1-tibia MN_R,R,,T1,ProLN,166385.0,ltm1-tibia MN,13952.0,,,Traced,"mechanical mapping not enabled; gains, axes and effector-side validation pending",,,,,['ltm1-tibia'],ltm1-tibia,curated_group_and_muscle_label_agree
1059707690,167055,vnc_motor,hl,hind,Acc. ti flexor MN,Acc. ti flexor MN_R,R,,T3,MetaLN,13170.0,Acc. ti flexor MN,,,,Traced,"mechanical mapping not enabled; gains, axes and effector-side validation pending",,,,,,,no_curated_group
