bodyId,type,instance,flywireType,superclass,subclass,class,somaSide,rootSide,entryNerve,receptorType,status,matchingNotes,synonyms,candidate_reason,functional_mapping_status
10331,MN9,MN9_L,CB0701,cb_motor,pm,,L,,,,Traced,,,MN9 annotation,unvalidated candidate; do not assign sugar/bitter function by name
11442,DNg28,DNg28_R,DNg28,efferent_descending,,,R,,,,Traced,,Yao & Scott 2022: Bitter-SEL,central taste-related synonym; not a peripheral input assignment,unvalidated candidate; do not assign sugar/bitter function by name
11740,GNG540,GNG540_L,CB0262,cb_intrinsic,,,L,,,,Traced,,Yao & Scott 2022: Sugar SEL PN,central taste-related synonym; not a peripheral input assignment,unvalidated candidate; do not assign sugar/bitter function by name
11756,DNg28,DNg28_R,DNg28,efferent_descending,,,R,,,,Traced,,Yao & Scott 2022: Bitter-SEL,central taste-related synonym; not a peripheral input assignment,unvalidated candidate; do not assign sugar/bitter function by name
14100,GNG056,GNG056_L,CB0892,cb_intrinsic,,,L,,,,Traced,,Yao & Scott 2022: Sugar SEL LN,central taste-related synonym; not a peripheral input assignment,unvalidated candidate; do not assign sugar/bitter function by name
14254,GNG056,GNG056_R,CB0892,cb_intrinsic,,,R,,,,Traced,,Yao & Scott 2022: Sugar SEL LN,central taste-related synonym; not a peripheral input assignment,unvalidated candidate; do not assign sugar/bitter function by name
15214,GNG540,GNG540_R,CB0262,cb_intrinsic,,,R,,,,Traced,,Yao & Scott 2022: Sugar SEL PN,central taste-related synonym; not a peripheral input assignment,unvalidated candidate; do not assign sugar/bitter function by name
15487,GNG550,GNG550_L,CB0212,cb_intrinsic,,,L,,,,Traced,,Yao & Scott 2022: Sugar SEL PN,central taste-related synonym; not a peripheral input assignment,unvalidated candidate; do not assign sugar/bitter function by name
16949,MN9,MN9_R,CB0701,cb_motor,pm,,R,,,,Traced,,,MN9 annotation,unvalidated candidate; do not assign sugar/bitter function by name
17369,GNG550,GNG550_R,CB0212,cb_intrinsic,,,R,,,,Traced,,Yao & Scott 2022: Sugar SEL PN,central taste-related synonym; not a peripheral input assignment,unvalidated candidate; do not assign sugar/bitter function by name
33339,LB3d,LB3d_R,LB3,cb_sensory,labellar bristle,gustatory,,R,MxLbN,,Traced,,,labellar gustatory annotation,unvalidated candidate; do not assign sugar/bitter function by name
44816,LB1e,LB1e_R,LB1e,cb_sensory,labellar bristle,gustatory,,R,MxLbN,,Traced,,,labellar gustatory annotation,unvalidated candidate; do not assign sugar/bitter function by name
54104,LB1d,LB1d_L,"LB1a,LB1d",cb_sensory,labellar bristle,gustatory,,L,MxLbN,,Traced,,,labellar gustatory annotation,unvalidated candidate; do not assign sugar/bitter function by name
71254,LB3b,LB3b_L,LB3,cb_sensory,labellar bristle,gustatory,,L,MxLbN,,Traced,,,labellar gustatory annotation,unvalidated candidate; do not assign sugar/bitter function by name
72047,LB4b,LB4b_R,LB3,cb_sensory,labellar bristle,gustatory,,R,MxLbN,,Traced,,,labellar gustatory annotation,unvalidated candidate; do not assign sugar/bitter function by name
72059,LB3c,LB3c_R,LB3,cb_sensory,labellar bristle,gustatory,,R,MxLbN,,Traced,,,labellar gustatory annotation,unvalidated candidate; do not assign sugar/bitter function by name
77868,LB2a,LB2a_L,LB2a-b,cb_sensory,labellar bristle,gustatory,,L,MxLbN,,Traced,,,labellar gustatory annotation,unvalidated candidate; do not assign sugar/bitter function by name
78240,LB3c,LB3c_L,LB3,cb_sensory,labellar bristle,gustatory,,L,MxLbN,,Traced,,,labellar gustatory annotation,unvalidated candidate; do not assign sugar/bitter function by name
81741,LB1c,LB1c_L,LB1c,cb_sensory,labellar bristle,gustatory,,L,MxLbN,,Traced,,,labellar gustatory annotation,unvalidated candidate; do not assign sugar/bitter function by name
85806,LB3c,LB3c_L,LB3,cb_sensory,labellar bristle,gustatory,,L,MxLbN,,Traced,,,labellar gustatory annotation,unvalidated candidate; do not assign sugar/bitter function by name
92440,LB3c,LB3c_R,LB3,cb_sensory,labellar bristle,gustatory,,R,MxLbN,,Traced,,,labellar gustatory annotation,unvalidated candidate; do not assign sugar/bitter function by name
93290,LB3d,LB3d_L,LB3,cb_sensory,labellar bristle,gustatory,,L,MxLbN,,Traced,,,labellar gustatory annotation,unvalidated candidate; do not assign sugar/bitter function by name
101087,LB3c,LB3c_R,LB3,cb_sensory,labellar bristle,gustatory,,R,MxLbN,,Traced,,,labellar gustatory annotation,unvalidated candidate; do not assign sugar/bitter function by name
107241,LB1c,LB1c_R,LB1c,cb_sensory,labellar bristle,gustatory,,R,MxLbN,,Traced,,,labellar gustatory annotation,unvalidated candidate; do not assign sugar/bitter function by name
111660,LB1e,LB1e_R,LB1e,cb_sensory,labellar bristle,gustatory,,R,MxLbN,,Traced,,,labellar gustatory annotation,unvalidated candidate; do not assign sugar/bitter function by name
114239,LB2b,LB2b_R,LB2a-b,cb_sensory,labellar bristle,gustatory,,R,MxLbN,,Traced,,,labellar gustatory annotation,unvalidated candidate; do not assign sugar/bitter function by name
115666,LB1a,LB1a_R,"LB1a,LB1d",cb_sensory,labellar bristle,gustatory,,R,MxLbN,,Traced,,,labellar gustatory annotation,unvalidated candidate; do not assign sugar/bitter function by name
120303,LB3c,LB3c_R,LB3,cb_sensory,labellar bristle,gustatory,,R,MxLbN,,Traced,,,labellar gustatory annotation,unvalidated candidate; do not assign sugar/bitter function by name
122806,LB4b,LB4b_R,LB3,cb_sensory,labellar bristle,gustatory,,R,MxLbN,,Traced,,,labellar gustatory annotation,unvalidated candidate; do not assign sugar/bitter function by name
125111,LB1c,LB1c_L,LB1c,cb_sensory,labellar bristle,gustatory,,L,MxLbN,,Traced,,,labellar gustatory annotation,unvalidated candidate; do not assign sugar/bitter function by name
125405,LB3d,LB3d_R,LB3,cb_sensory,labellar bristle,gustatory,,R,MxLbN,,Traced,,,labellar gustatory annotation,unvalidated candidate; do not assign sugar/bitter function by name
128129,LB4b,LB4b_L,LB3,cb_sensory,labellar bristle,gustatory,,L,MxLbN,,Traced,,,labellar gustatory annotation,unvalidated candidate; do not assign sugar/bitter function by name
129171,LB3d,LB3d_R,LB3,cb_sensory,labellar bristle,gustatory,,R,MxLbN,,Traced,,,labellar gustatory annotation,unvalidated candidate; do not assign sugar/bitter function by name
130693,LB3d,LB3d_L,LB3,cb_sensory,labellar bristle,gustatory,,L,MxLbN,,Traced,,,labellar gustatory annotation,unvalidated candidate; do not assign sugar/bitter function by name
136183,LB3a,LB3a_L,LB3,cb_sensory,labellar bristle,gustatory,,L,MxLbN,,Traced,,,labellar gustatory annotation,unvalidated candidate; do not assign sugar/bitter function by name
136276,LB2c,LB2c_R,LB2c,cb_sensory,labellar bristle,gustatory,,R,MxLbN,,Traced,,,labellar gustatory annotation,unvalidated candidate; do not assign sugar/bitter function by name
137497,LB1e,LB1e_L,LB1e,cb_sensory,labellar bristle,gustatory,,L,MxLbN,,Traced,,,labellar gustatory annotation,unvalidated candidate; do not assign sugar/bitter function by name
139178,LB1d,LB1d_R,"LB1a,LB1d",cb_sensory,labellar bristle,gustatory,,R,MxLbN,,Traced,,,labellar gustatory annotation,unvalidated candidate; do not assign sugar/bitter function by name
140015,LB3c,LB3c_R,LB3,cb_sensory,labellar bristle,gustatory,,R,MxLbN,,Traced,,,labellar gustatory annotation,unvalidated candidate; do not assign sugar/bitter function by name
140619,LB3a,LB3a_R,LB3,cb_sensory,labellar bristle,gustatory,,R,MxLbN,,Traced,,,labellar gustatory annotation,unvalidated candidate; do not assign sugar/bitter function by name
140851,LB3d,LB3d_L,LB3,cb_sensory,labellar bristle,gustatory,,L,MxLbN,,Traced,,,labellar gustatory annotation,unvalidated candidate; do not assign sugar/bitter function by name
141663,LB3a,LB3a_R,LB3,cb_sensory,labellar bristle,gustatory,,R,MxLbN,,Traced,,,labellar gustatory annotation,unvalidated candidate; do not assign sugar/bitter function by name
142827,LB3c,LB3c_R,LB3,cb_sensory,labellar bristle,gustatory,,R,MxLbN,,Traced,,,labellar gustatory annotation,unvalidated candidate; do not assign sugar/bitter function by name
144334,LB1a,LB1a_L,"LB1a,LB1d",cb_sensory,labellar bristle,gustatory,,L,MxLbN,,Traced,,,labellar gustatory annotation,unvalidated candidate; do not assign sugar/bitter function by name
152400,LB4b,LB4b_L,LB3,cb_sensory,labellar bristle,gustatory,,L,MxLbN,,Traced,,,labellar gustatory annotation,unvalidated candidate; do not assign sugar/bitter function by name
154359,LB1e,LB1e_L,LB1e,cb_sensory,labellar bristle,gustatory,,L,MxLbN,,Traced,,,labellar gustatory annotation,unvalidated candidate; do not assign sugar/bitter function by name
154544,LB1a,LB1a_R,"LB1a,LB1d",cb_sensory,labellar bristle,gustatory,,R,MxLbN,,Traced,,,labellar gustatory annotation,unvalidated candidate; do not assign sugar/bitter function by name
158537,LB3d,LB3d_R,LB3,cb_sensory,labellar bristle,gustatory,,R,MxLbN,,Traced,,,labellar gustatory annotation,unvalidated candidate; do not assign sugar/bitter function by name
159772,LB3b,LB3b_L,LB3,cb_sensory,labellar bristle,gustatory,,L,MxLbN,,Traced,,,labellar gustatory annotation,unvalidated candidate; do not assign sugar/bitter function by name
160435,LB3a,LB3a_L,LB3,cb_sensory,labellar bristle,gustatory,,L,MxLbN,,Traced,,,labellar gustatory annotation,unvalidated candidate; do not assign sugar/bitter function by name
163395,LB1a,LB1a_R,"LB1a,LB1d",cb_sensory,labellar bristle,gustatory,,R,MxLbN,,Traced,,,labellar gustatory annotation,unvalidated candidate; do not assign sugar/bitter function by name
163597,LB3b,LB3b_R,LB3,cb_sensory,labellar bristle,gustatory,,R,MxLbN,,Traced,,,labellar gustatory annotation,unvalidated candidate; do not assign sugar/bitter function by name
166190,LB3a,LB3a_R,LB3,cb_sensory,labellar bristle,gustatory,,R,MxLbN,,Traced,,,labellar gustatory annotation,unvalidated candidate; do not assign sugar/bitter function by name
167663,LB3a,LB3a_L,LB3,cb_sensory,labellar bristle,gustatory,,L,MxLbN,,Traced,,,labellar gustatory annotation,unvalidated candidate; do not assign sugar/bitter function by name
168492,LB1a,LB1a_L,"LB1a,LB1d",cb_sensory,labellar bristle,gustatory,,L,MxLbN,,Traced,,,labellar gustatory annotation,unvalidated candidate; do not assign sugar/bitter function by name
173462,LB1a,LB1a_L,"LB1a,LB1d",cb_sensory,labellar bristle,gustatory,,L,MxLbN,,Traced,,,labellar gustatory annotation,unvalidated candidate; do not assign sugar/bitter function by name
175572,LB1e,LB1e_L,LB1e,cb_sensory,labellar bristle,gustatory,,L,MxLbN,,Traced,,,labellar gustatory annotation,unvalidated candidate; do not assign sugar/bitter function by name
178321,LB3d,LB3d_L,LB3,cb_sensory,labellar bristle,gustatory,,L,MxLbN,,Traced,,,labellar gustatory annotation,unvalidated candidate; do not assign sugar/bitter function by name
178913,LB3a,LB3a_L,LB3,cb_sensory,labellar bristle,gustatory,,L,MxLbN,,Traced,,,labellar gustatory annotation,unvalidated candidate; do not assign sugar/bitter function by name
180314,LB3c,LB3c_L,LB3,cb_sensory,labellar bristle,gustatory,,L,MxLbN,,Traced,,,labellar gustatory annotation,unvalidated candidate; do not assign sugar/bitter function by name
183061,LB3a,LB3a_R,LB3,cb_sensory,labellar bristle,gustatory,,R,MxLbN,,Traced,,,labellar gustatory annotation,unvalidated candidate; do not assign sugar/bitter function by name
183084,LB3b,LB3b_R,LB3,cb_sensory,labellar bristle,gustatory,,R,MxLbN,,Traced,,,labellar gustatory annotation,unvalidated candidate; do not assign sugar/bitter function by name
187492,LB3b,LB3b_R,LB3,cb_sensory,labellar bristle,gustatory,,R,MxLbN,,Traced,,,labellar gustatory annotation,unvalidated candidate; do not assign sugar/bitter function by name
187776,LB3a,LB3a_L,LB3,cb_sensory,labellar bristle,gustatory,,L,MxLbN,,Traced,,,labellar gustatory annotation,unvalidated candidate; do not assign sugar/bitter function by name
190769,LB3c,LB3c_L,LB3,cb_sensory,labellar bristle,gustatory,,L,MxLbN,,Traced,,,labellar gustatory annotation,unvalidated candidate; do not assign sugar/bitter function by name
199196,LB3d,LB3d_R,LB3,cb_sensory,labellar bristle,gustatory,,R,MxLbN,,Traced,,,labellar gustatory annotation,unvalidated candidate; do not assign sugar/bitter function by name
199308,LB3a,LB3a_R,LB3,cb_sensory,labellar bristle,gustatory,,R,MxLbN,,Traced,,,labellar gustatory annotation,unvalidated candidate; do not assign sugar/bitter function by name
200001,LB1e,LB1e_L,LB1e,cb_sensory,labellar bristle,gustatory,,L,MxLbN,,Traced,,,labellar gustatory annotation,unvalidated candidate; do not assign sugar/bitter function by name
201075,LB3d,LB3d_R,LB3,cb_sensory,labellar bristle,gustatory,,R,MxLbN,,Traced,,,labellar gustatory annotation,unvalidated candidate; do not assign sugar/bitter function by name
202888,LB3c,LB3c_R,LB3,cb_sensory,labellar bristle,gustatory,,R,MxLbN,,Traced,,,labellar gustatory annotation,unvalidated candidate; do not assign sugar/bitter function by name
203234,LB3a,LB3a_L,LB3,cb_sensory,labellar bristle,gustatory,,L,MxLbN,,Traced,,,labellar gustatory annotation,unvalidated candidate; do not assign sugar/bitter function by name
204726,LB3d,LB3d_L,LB3,cb_sensory,labellar bristle,gustatory,,L,MxLbN,,Traced,,,labellar gustatory annotation,unvalidated candidate; do not assign sugar/bitter function by name
208885,LB1c,LB1c_R,LB1c,cb_sensory,labellar bristle,gustatory,,R,MxLbN,,Traced,,,labellar gustatory annotation,unvalidated candidate; do not assign sugar/bitter function by name
209155,LB3b,LB3b_R,LB3,cb_sensory,labellar bristle,gustatory,,R,MxLbN,,Traced,,,labellar gustatory annotation,unvalidated candidate; do not assign sugar/bitter function by name
209688,LB1e,LB1e_R,LB1e,cb_sensory,labellar bristle,gustatory,,R,MxLbN,,Traced,,,labellar gustatory annotation,unvalidated candidate; do not assign sugar/bitter function by name
210344,LB3d,LB3d_R,LB3,cb_sensory,labellar bristle,gustatory,,R,MxLbN,,Traced,,,labellar gustatory annotation,unvalidated candidate; do not assign sugar/bitter function by name
215556,LB3c,LB3c_R,LB3,cb_sensory,labellar bristle,gustatory,,R,MxLbN,,Traced,,,labellar gustatory annotation,unvalidated candidate; do not assign sugar/bitter function by name
223836,LB2c,LB2c_L,LB2c,cb_sensory,labellar bristle,gustatory,,L,MxLbN,,Traced,,,labellar gustatory annotation,unvalidated candidate; do not assign sugar/bitter function by name
232730,LB1e,LB1e_L,LB1e,cb_sensory,labellar bristle,gustatory,,L,MxLbN,,Traced,,,labellar gustatory annotation,unvalidated candidate; do not assign sugar/bitter function by name
236475,LB3d,LB3d_L,LB3,cb_sensory,labellar bristle,gustatory,,L,MxLbN,,Traced,,,labellar gustatory annotation,unvalidated candidate; do not assign sugar/bitter function by name
253648,LB2c,LB2c_R,LB2c,cb_sensory,labellar bristle,gustatory,,R,MxLbN,,Traced,,,labellar gustatory annotation,unvalidated candidate; do not assign sugar/bitter function by name
256844,LB1c,LB1c_R,LB1c,cb_sensory,labellar bristle,gustatory,,R,MxLbN,,Traced,,,labellar gustatory annotation,unvalidated candidate; do not assign sugar/bitter function by name
261048,LB3d,LB3d_R,LB3,cb_sensory,labellar bristle,gustatory,,R,MxLbN,,Traced,,,labellar gustatory annotation,unvalidated candidate; do not assign sugar/bitter function by name
261450,LB3c,LB3c_L,LB3,cb_sensory,labellar bristle,gustatory,,L,MxLbN,,Traced,,,labellar gustatory annotation,unvalidated candidate; do not assign sugar/bitter function by name
262567,LB3c,LB3c_L,LB3,cb_sensory,labellar bristle,gustatory,,L,MxLbN,,Traced,,,labellar gustatory annotation,unvalidated candidate; do not assign sugar/bitter function by name
272263,LB3b,LB3b_L,LB3,cb_sensory,labellar bristle,gustatory,,L,MxLbN,,Traced,,,labellar gustatory annotation,unvalidated candidate; do not assign sugar/bitter function by name
312102,LB3d,LB3d_L,LB3,cb_sensory,labellar bristle,gustatory,,L,MxLbN,,Traced,,,labellar gustatory annotation,unvalidated candidate; do not assign sugar/bitter function by name
317616,LB3d,LB3d_L,LB3,cb_sensory,labellar bristle,gustatory,,L,MxLbN,,Traced,,,labellar gustatory annotation,unvalidated candidate; do not assign sugar/bitter function by name
362381,,,,cb_sensory,labellar bristle,gustatory,,L,MxLbN,,Traced,,,labellar gustatory annotation,unvalidated candidate; do not assign sugar/bitter function by name
374701,LB3a,LB3a_R,LB3,cb_sensory,labellar bristle,gustatory,,R,MxLbN,,Traced,,,labellar gustatory annotation,unvalidated candidate; do not assign sugar/bitter function by name
375038,LB1a,LB1a_R,"LB1a,LB1d",cb_sensory,labellar bristle,gustatory,,R,MxLbN,,Traced,,,labellar gustatory annotation,unvalidated candidate; do not assign sugar/bitter function by name
383627,DNg28,DNg28_L,DNg28,efferent_descending,,,L,,,,Traced,,Yao & Scott 2022: Bitter-SEL,central taste-related synonym; not a peripheral input assignment,unvalidated candidate; do not assign sugar/bitter function by name
511882,LB1b,LB1b_L,LB1b,cb_sensory,labellar bristle,gustatory,,L,MxLbN,,Traced,,,labellar gustatory annotation,unvalidated candidate; do not assign sugar/bitter function by name
512551,LB3c,LB3c_L,LB3,cb_sensory,labellar bristle,gustatory,,L,MxLbN,,Traced,,,labellar gustatory annotation,unvalidated candidate; do not assign sugar/bitter function by name
512552,LB3d,LB3d_L,LB3,cb_sensory,labellar bristle,gustatory,,L,MxLbN,,Traced,,,labellar gustatory annotation,unvalidated candidate; do not assign sugar/bitter function by name
512913,LB2a,LB2a_R,LB2a-b,cb_sensory,labellar bristle,gustatory,,R,MxLbN,,Traced,,,labellar gustatory annotation,unvalidated candidate; do not assign sugar/bitter function by name
514546,LB1b,LB1b_R,LB1b,cb_sensory,labellar bristle,gustatory,,R,MxLbN,,Traced,,,labellar gustatory annotation,unvalidated candidate; do not assign sugar/bitter function by name
514547,LB1b,LB1b_L,LB1b,cb_sensory,labellar bristle,gustatory,,L,MxLbN,,Traced,,,labellar gustatory annotation,unvalidated candidate; do not assign sugar/bitter function by name
515650,LB4a,LB4a_R,LB4a,cb_sensory,labellar bristle,gustatory,,R,MxLbN,,Traced,,,labellar gustatory annotation,unvalidated candidate; do not assign sugar/bitter function by name
516216,LB3d,LB3d_L,LB3,cb_sensory,labellar bristle,gustatory,,L,MxLbN,,Traced,,,labellar gustatory annotation,unvalidated candidate; do not assign sugar/bitter function by name
516217,LB3c,LB3c_R,LB3,cb_sensory,labellar bristle,gustatory,,R,MxLbN,,Traced,,,labellar gustatory annotation,unvalidated candidate; do not assign sugar/bitter function by name
516218,LB3d,LB3d_R,LB3,cb_sensory,labellar bristle,gustatory,,R,MxLbN,,Traced,,,labellar gustatory annotation,unvalidated candidate; do not assign sugar/bitter function by name
517255,LB1c,LB1c_L,LB1c,cb_sensory,labellar bristle,gustatory,,L,MxLbN,,Traced,,,labellar gustatory annotation,unvalidated candidate; do not assign sugar/bitter function by name
517916,LB2c,LB2c_L,LB2c,cb_sensory,labellar bristle,gustatory,,L,MxLbN,,Traced,,,labellar gustatory annotation,unvalidated candidate; do not assign sugar/bitter function by name
518112,LB1c,LB1c_L,LB1c,cb_sensory,labellar bristle,gustatory,,L,MxLbN,,Traced,,,labellar gustatory annotation,unvalidated candidate; do not assign sugar/bitter function by name
518542,LB3a,LB3a_R,LB3,cb_sensory,labellar bristle,gustatory,,R,MxLbN,,Traced,,,labellar gustatory annotation,unvalidated candidate; do not assign sugar/bitter function by name
522746,LB1c,LB1c_R,LB1c,cb_sensory,labellar bristle,gustatory,,R,MxLbN,,Traced,,,labellar gustatory annotation,unvalidated candidate; do not assign sugar/bitter function by name
522752,LB1b,LB1b_R,LB1b,cb_sensory,labellar bristle,gustatory,,R,MxLbN,,Traced,,,labellar gustatory annotation,unvalidated candidate; do not assign sugar/bitter function by name
522753,LB1c,LB1c_L,LB1c,cb_sensory,labellar bristle,gustatory,,L,MxLbN,,Traced,,,labellar gustatory annotation,unvalidated candidate; do not assign sugar/bitter function by name
522754,LB1c,LB1c_L,LB1c,cb_sensory,labellar bristle,gustatory,,L,MxLbN,,Traced,,,labellar gustatory annotation,unvalidated candidate; do not assign sugar/bitter function by name
522761,LB1c,LB1c_R,LB1c,cb_sensory,labellar bristle,gustatory,,R,MxLbN,,Traced,,,labellar gustatory annotation,unvalidated candidate; do not assign sugar/bitter function by name
522762,LB1b,LB1b_R,LB1b,cb_sensory,labellar bristle,gustatory,,R,MxLbN,,Traced,,,labellar gustatory annotation,unvalidated candidate; do not assign sugar/bitter function by name
522841,LB1c,LB1c_R,LB1c,cb_sensory,labellar bristle,gustatory,,R,MxLbN,,Traced,,,labellar gustatory annotation,unvalidated candidate; do not assign sugar/bitter function by name
531237,LB3c,LB3c_L,LB3,cb_sensory,labellar bristle,gustatory,,L,MxLbN,,Traced,,,labellar gustatory annotation,unvalidated candidate; do not assign sugar/bitter function by name
533618,LB1c,LB1c_L,LB1c,cb_sensory,labellar bristle,gustatory,,L,MxLbN,,Traced,,,labellar gustatory annotation,unvalidated candidate; do not assign sugar/bitter function by name
534361,LB1e,LB1e_R,LB1e,cb_sensory,labellar bristle,gustatory,,R,MxLbN,,Traced,,,labellar gustatory annotation,unvalidated candidate; do not assign sugar/bitter function by name
538117,LB4b,LB4b_R,LB3,cb_sensory,labellar bristle,gustatory,,R,MxLbN,,Traced,,,labellar gustatory annotation,unvalidated candidate; do not assign sugar/bitter function by name
549024,LB1d,LB1d_R,"LB1a,LB1d",cb_sensory,labellar bristle,gustatory,,R,MxLbN,,Traced,,,labellar gustatory annotation,unvalidated candidate; do not assign sugar/bitter function by name
550065,LB3d,LB3d_R,LB3,cb_sensory,labellar bristle,gustatory,,R,MxLbN,,Traced,,,labellar gustatory annotation,unvalidated candidate; do not assign sugar/bitter function by name
556797,LB1a,LB1a_R,"LB1a,LB1d",cb_sensory,labellar bristle,gustatory,,R,MxLbN,,Traced,,,labellar gustatory annotation,unvalidated candidate; do not assign sugar/bitter function by name
557646,LB3b,LB3b_R,LB3,cb_sensory,labellar bristle,gustatory,,R,MxLbN,,Traced,,,labellar gustatory annotation,unvalidated candidate; do not assign sugar/bitter function by name
557937,LB1a,LB1a_L,"LB1a,LB1d",cb_sensory,labellar bristle,gustatory,,L,MxLbN,,Traced,,,labellar gustatory annotation,unvalidated candidate; do not assign sugar/bitter function by name
908743,LB4a,LB4a_R,LB4a,cb_sensory,labellar bristle,gustatory,,R,MxLbN,,Traced,,,labellar gustatory annotation,unvalidated candidate; do not assign sugar/bitter function by name
908747,LB1e,LB1e_L,LB1e,cb_sensory,labellar bristle,gustatory,,L,MxLbN,,Traced,,,labellar gustatory annotation,unvalidated candidate; do not assign sugar/bitter function by name
912379,LB1b,LB1b_L,LB1b,cb_sensory,labellar bristle,gustatory,,L,MxLbN,,Traced,,,labellar gustatory annotation,unvalidated candidate; do not assign sugar/bitter function by name
916953,LB3d,LB3d_R,LB3,cb_sensory,labellar bristle,gustatory,,R,MxLbN,,Traced,,,labellar gustatory annotation,unvalidated candidate; do not assign sugar/bitter function by name
917499,LB4a,LB4a_L,LB4a,cb_sensory,labellar bristle,gustatory,,L,MxLbN,,Traced,,,labellar gustatory annotation,unvalidated candidate; do not assign sugar/bitter function by name
918869,LB2d,LB2d_L,LB2d,cb_sensory,labellar bristle,gustatory,,L,MxLbN,,Traced,,,labellar gustatory annotation,unvalidated candidate; do not assign sugar/bitter function by name
919429,LB1e,LB1e_L,LB1e,cb_sensory,labellar bristle,gustatory,,L,MxLbN,,Traced,,,labellar gustatory annotation,unvalidated candidate; do not assign sugar/bitter function by name
933317,LB3c,LB3c_L,LB3,cb_sensory,labellar bristle,gustatory,,L,MxLbN,,Traced,,,labellar gustatory annotation,unvalidated candidate; do not assign sugar/bitter function by name
942168,LB3c,LB3c_R,LB3,cb_sensory,labellar bristle,gustatory,,R,MxLbN,,Traced,,,labellar gustatory annotation,unvalidated candidate; do not assign sugar/bitter function by name
957530,LB3c,LB3c_R,LB3,cb_sensory,labellar bristle,gustatory,,R,,,Traced,,,labellar gustatory annotation,unvalidated candidate; do not assign sugar/bitter function by name
104287023,,,LB3,cb_sensory,labellar bristle,gustatory,,R,MxLbN,,Traced,,,labellar gustatory annotation,unvalidated candidate; do not assign sugar/bitter function by name
120770012,LB2a,LB2a_R,LB2a-b,cb_sensory,labellar bristle,gustatory,,R,MxLbN,,Traced,,,labellar gustatory annotation,unvalidated candidate; do not assign sugar/bitter function by name
140334446,LB1a,LB1a_L,"LB1a,LB1d",cb_sensory,labellar bristle,gustatory,,L,MxLbN,,Traced,,,labellar gustatory annotation,unvalidated candidate; do not assign sugar/bitter function by name
144295263,LB1a,LB1a_L,"LB1a,LB1d",cb_sensory,labellar bristle,gustatory,,L,MxLbN,,Traced,,,labellar gustatory annotation,unvalidated candidate; do not assign sugar/bitter function by name
147619274,LB3d,LB3d_R,LB3,cb_sensory,labellar bristle,gustatory,,R,MxLbN,,Traced,,,labellar gustatory annotation,unvalidated candidate; do not assign sugar/bitter function by name
158893964,LB3c,LB3c_L,LB3,cb_sensory,labellar bristle,gustatory,,L,MxLbN,,Traced,,,labellar gustatory annotation,unvalidated candidate; do not assign sugar/bitter function by name
174444965,LB3b,LB3b_L,LB3,cb_sensory,labellar bristle,gustatory,,L,MxLbN,,Traced,,,labellar gustatory annotation,unvalidated candidate; do not assign sugar/bitter function by name
213650853,LB3b,LB3b_R,LB3,cb_sensory,labellar bristle,gustatory,,R,MxLbN,,Traced,,,labellar gustatory annotation,unvalidated candidate; do not assign sugar/bitter function by name
214700177,LB1e,LB1e_L,LB1e,cb_sensory,labellar bristle,gustatory,,L,MxLbN,,Traced,,,labellar gustatory annotation,unvalidated candidate; do not assign sugar/bitter function by name
245892505,LB3d,LB3d_R,LB3,cb_sensory,labellar bristle,gustatory,,R,MxLbN,,Traced,,,labellar gustatory annotation,unvalidated candidate; do not assign sugar/bitter function by name
304136793,LB1c,LB1c_R,LB1c,cb_sensory,labellar bristle,gustatory,,R,MxLbN,,Traced,,,labellar gustatory annotation,unvalidated candidate; do not assign sugar/bitter function by name
324178811,LB1c,LB1c_L,LB1c,cb_sensory,labellar bristle,gustatory,,L,MxLbN,,Traced,,,labellar gustatory annotation,unvalidated candidate; do not assign sugar/bitter function by name
338530985,LB2d,LB2d_R,LB2d,cb_sensory,labellar bristle,gustatory,,R,MxLbN,,Traced,,,labellar gustatory annotation,unvalidated candidate; do not assign sugar/bitter function by name
349137284,LB3c,LB3c_L,LB3,cb_sensory,labellar bristle,gustatory,,L,MxLbN,,Traced,,,labellar gustatory annotation,unvalidated candidate; do not assign sugar/bitter function by name
388541892,LB3a,LB3a_R,LB3,cb_sensory,labellar bristle,gustatory,,R,MxLbN,,Traced,,,labellar gustatory annotation,unvalidated candidate; do not assign sugar/bitter function by name
388968038,LB4a,LB4a_L,LB4a,cb_sensory,labellar bristle,gustatory,,L,MxLbN,,Traced,,,labellar gustatory annotation,unvalidated candidate; do not assign sugar/bitter function by name
418840426,LB1e,LB1e_L,LB1e,cb_sensory,labellar bristle,gustatory,,L,MxLbN,,Traced,,,labellar gustatory annotation,unvalidated candidate; do not assign sugar/bitter function by name
421193662,LB2b,LB2b_R,LB2a-b,cb_sensory,labellar bristle,gustatory,,R,MxLbN,,Traced,,,labellar gustatory annotation,unvalidated candidate; do not assign sugar/bitter function by name
422510463,LB3d,LB3d_R,LB3,cb_sensory,labellar bristle,gustatory,,R,MxLbN,,Traced,,,labellar gustatory annotation,unvalidated candidate; do not assign sugar/bitter function by name
451851712,DNg28,DNg28_L,DNg28,efferent_descending,,,L,,,,Traced,,Yao & Scott 2022: Bitter-SEL,central taste-related synonym; not a peripheral input assignment,unvalidated candidate; do not assign sugar/bitter function by name
456631823,LB2c,LB2c_R,LB2c,cb_sensory,labellar bristle,gustatory,,R,MxLbN,,Traced,,,labellar gustatory annotation,unvalidated candidate; do not assign sugar/bitter function by name
456838775,LB3a,LB3a_L,LB3,cb_sensory,labellar bristle,gustatory,,L,MxLbN,,Traced,,,labellar gustatory annotation,unvalidated candidate; do not assign sugar/bitter function by name
475202322,LB3c,LB3c_L,LB3,cb_sensory,labellar bristle,gustatory,,L,MxLbN,,Traced,,,labellar gustatory annotation,unvalidated candidate; do not assign sugar/bitter function by name
491986845,LB1e,LB1e_L,LB1e,cb_sensory,labellar bristle,gustatory,,L,MxLbN,,Traced,,,labellar gustatory annotation,unvalidated candidate; do not assign sugar/bitter function by name
551057545,LB1e,LB1e_R,LB1e,cb_sensory,labellar bristle,gustatory,,R,MxLbN,,Traced,,,labellar gustatory annotation,unvalidated candidate; do not assign sugar/bitter function by name
553738738,LB3a,LB3a_L,LB3,cb_sensory,labellar bristle,gustatory,,L,MxLbN,,Traced,,,labellar gustatory annotation,unvalidated candidate; do not assign sugar/bitter function by name
581710868,LB3d,LB3d_L,LB3,cb_sensory,labellar bristle,gustatory,,L,MxLbN,,Traced,,,labellar gustatory annotation,unvalidated candidate; do not assign sugar/bitter function by name
602736959,LB1d,LB1d_R,"LB1a,LB1d",cb_sensory,labellar bristle,gustatory,,R,MxLbN,,Traced,,,labellar gustatory annotation,unvalidated candidate; do not assign sugar/bitter function by name
633272971,LB1e,LB1e_L,LB1e,cb_sensory,labellar bristle,gustatory,,L,MxLbN,,Traced,,,labellar gustatory annotation,unvalidated candidate; do not assign sugar/bitter function by name
766547228,LB3b,LB3b_L,LB3,cb_sensory,labellar bristle,gustatory,,L,MxLbN,,Traced,,,labellar gustatory annotation,unvalidated candidate; do not assign sugar/bitter function by name
772366874,LB1c,LB1c_L,LB1c,cb_sensory,labellar bristle,gustatory,,L,MxLbN,,Traced,,,labellar gustatory annotation,unvalidated candidate; do not assign sugar/bitter function by name
786482749,LB3a,LB3a_L,LB3,cb_sensory,labellar bristle,gustatory,,L,MxLbN,,Traced,,,labellar gustatory annotation,unvalidated candidate; do not assign sugar/bitter function by name
792429427,LB1e,LB1e_R,LB1e,cb_sensory,labellar bristle,gustatory,,R,MxLbN,,Traced,,,labellar gustatory annotation,unvalidated candidate; do not assign sugar/bitter function by name
816904261,LB4b,LB4b_L,LB3,cb_sensory,labellar bristle,gustatory,,L,MxLbN,,Traced,,,labellar gustatory annotation,unvalidated candidate; do not assign sugar/bitter function by name
821826349,LB2c,LB2c_L,LB2c,cb_sensory,labellar bristle,gustatory,,L,MxLbN,,Traced,,,labellar gustatory annotation,unvalidated candidate; do not assign sugar/bitter function by name
824721257,LB2d,LB2d_L,LB2d,cb_sensory,labellar bristle,gustatory,,L,MxLbN,,Traced,,,labellar gustatory annotation,unvalidated candidate; do not assign sugar/bitter function by name
850920533,LB2d,LB2d_R,LB2d,cb_sensory,labellar bristle,gustatory,,R,MxLbN,,Traced,,,labellar gustatory annotation,unvalidated candidate; do not assign sugar/bitter function by name
884238775,LB4b,LB4b_L,LB3,cb_sensory,labellar bristle,gustatory,,L,MxLbN,,Traced,,,labellar gustatory annotation,unvalidated candidate; do not assign sugar/bitter function by name
885642755,LB3d,LB3d_R,LB3,cb_sensory,labellar bristle,gustatory,,R,MxLbN,,Traced,,,labellar gustatory annotation,unvalidated candidate; do not assign sugar/bitter function by name
911389008,LB1d,LB1d_R,"LB1a,LB1d",cb_sensory,labellar bristle,gustatory,,R,MxLbN,,Traced,,,labellar gustatory annotation,unvalidated candidate; do not assign sugar/bitter function by name
912111327,LB1e,LB1e_R,LB1e,cb_sensory,labellar bristle,gustatory,,R,MxLbN,,Traced,,,labellar gustatory annotation,unvalidated candidate; do not assign sugar/bitter function by name
919015263,LB2a,LB2a_L,LB2a-b,cb_sensory,labellar bristle,gustatory,,L,MxLbN,,Traced,,,labellar gustatory annotation,unvalidated candidate; do not assign sugar/bitter function by name
1026733570,LB3,LB3_L,LB3,cb_sensory,labellar bristle,gustatory,,L,MxLbN,,Traced,,,labellar gustatory annotation,unvalidated candidate; do not assign sugar/bitter function by name
