bodyId,graph_index,superclass,subclass,limb_annotation,source_type_label,instance,somaSide,rootSide,somaNeuromere,exitNerve,mancBodyid,mancType,mancGroup,matchingNotes,synonyms,status,mapping_status,approved_joint,approved_torque_sign,approved_gain,mechanical_evidence,manc_class,manc_bodyid,manc_group,manc_subclass,manc_type,manc_systematic_type,manc_exit_nerve,manc_target,manc_synonyms,manc_match_certainty(1-5),manc_publication_match,manc_line_match,manc_match_notes,exact_id_match,match_basis,source_label_disagreement,manc_exit_side,side_metadata_disagreement,source_target_is_limb_only
800230,144945,vnc_motor,ml,middle,MNml82,MNml82_R,R,,T2,MesoLN,13746.0,MNml82,,,,Traced,"unapproved; cross-dataset annotation evidence, not a mechanical map",,,,,motor neuron,13746.0,13746.0,ml,Acc. ti flexor MN,MNml27,MesoLN_R,Acc. ti flexor,,,,,,True,predicted mancBodyid; exact key lookup is not curated cell identity,True,R,False,False
800358,145038,vnc_motor,hl,hind,MNhl64,MNhl64_R,R,,T3,MetaLN,13740.0,MNhl64,13740.0,,,Traced,"unapproved; cross-dataset annotation evidence, not a mechanical map",,,,,motor neuron,13740.0,13740.0,hl,MNhl64,MNhl64,MetaLN_R,hind leg,,,,,,True,predicted mancBodyid; exact key lookup is not curated cell identity,True,R,False,True
800589,145220,vnc_motor,ml,middle,Tr flexor MN,Tr flexor MN_L,L,,T2,MesoLN,13817.0,Tr flexor MN,,,,Traced,"unapproved; cross-dataset annotation evidence, not a mechanical map",,,,,motor neuron,13817.0,13817.0,ml,Sternal adductor MN,MNml16,MesoLN_L,Sternal adductor,,,,,,True,predicted mancBodyid; exact key lookup is not curated cell identity,True,L,False,False
801058,145556,vnc_motor,ml,middle,Tr flexor MN,Tr flexor MN_R,R,,T2,MesoLN,10461.0,Tr flexor MN,15006.0,,,Traced,"unapproved; cross-dataset annotation evidence, not a mechanical map",,,,,motor neuron,10461.0,10461.0,ml,Ti extensor MN,MNml41,MesoLN_R,Ti extensor,,,,,,True,predicted mancBodyid; exact key lookup is not curated cell identity,True,R,False,False
801079,145570,vnc_motor,fl,front,Sternotrochanter MN,Sternotrochanter MN_R,R,,T1,VProN,18440.0,Sternotrochanter MN,18006.0,,,Traced,"unapproved; cross-dataset annotation evidence, not a mechanical map",,,,,motor neuron,18440.0,20572.0,fl,Tr flexor MN,MNfl07,VProN_R,Tr flexor,,,,,,True,predicted mancBodyid; exact key lookup is not curated cell identity,True,R,False,False
801267,145717,vnc_motor,hl,hind,MNhl02,MNhl02_R,R,,T3,AbN1,11274.0,MNhl02,11274.0,,,Traced,"unapproved; cross-dataset annotation evidence, not a mechanical map",,,,,motor neuron,11274.0,11274.0,hl,MNhl02,MNhl02,AbN1_R,hind leg,,,,,,True,predicted mancBodyid; exact key lookup is not curated cell identity,True,R,False,True
801335,145775,vnc_motor,hl,hind,MNhl59,MNhl59_R,R,,T3,MetaLN,13543.0,MNhl59,11809.0,,,Traced,"unapproved; cross-dataset annotation evidence, not a mechanical map",,,,,motor neuron,13543.0,11809.0,hl,MNhl59,MNhl59,MetaLN_R,hind leg,,,,,,True,predicted mancBodyid; exact key lookup is not curated cell identity,True,R,False,True
801477,145879,vnc_motor,ml,middle,MNml81,MNml81_R,R,,T2,MesoLN,14828.0,MNml81,13036.0,,,Traced,"unapproved; cross-dataset annotation evidence, not a mechanical map",,,,,motor neuron,14828.0,13036.0,ml,MNml81,MNml81,MesoLN_R,middle leg,,,,,,True,predicted mancBodyid; exact key lookup is not curated cell identity,True,R,False,True
801492,145890,vnc_motor,hl,hind,Sternal posterior rotator MN,Sternal posterior rotator MN_L,L,,T3,MetaLN,14168.0,Sternal posterior rotator MN,,,,Traced,"unapproved; cross-dataset annotation evidence, not a mechanical map",,,,,motor neuron,14168.0,14168.0,hl,Pleural remotor/abductor MN,MNhl17,MetaLN_L,Pleural remotor/abductor,,,,,,True,predicted mancBodyid; exact key lookup is not curated cell identity,True,L,False,False
801637,146003,vnc_motor,hl,hind,Acc. ti flexor MN,Acc. ti flexor MN_R,R,,T3,MetaLN,15550.0,Acc. ti flexor MN,,,,Traced,"unapproved; cross-dataset annotation evidence, not a mechanical map",,,,,motor neuron,15550.0,15550.0,hl,MNhl63,MNhl63,MetaLN_R,hind leg,,,,,,True,predicted mancBodyid; exact key lookup is not curated cell identity,True,R,False,True
801715,146060,vnc_motor,hl,hind,Sternal posterior rotator MN,Sternal posterior rotator MN_L,L,,T3,MetaLN,18286.0,Sternal posterior rotator MN,,,,Traced,"unapproved; cross-dataset annotation evidence, not a mechanical map",,,,,motor neuron,18286.0,14596.0,hl,Pleural remotor/abductor MN,MNhl31,MetaLN_L,Pleural remotor/abductor,,,,,,True,predicted mancBodyid; exact key lookup is not curated cell identity,True,L,False,False
801736,146075,vnc_motor,hl,hind,MNhl62,MNhl62_L,L,,T3,AbN1,11813.0,MNhl62,17970.0,,,Traced,"unapproved; cross-dataset annotation evidence, not a mechanical map",,,,,motor neuron,11813.0,11274.0,hl,MNhl02,MNhl02,AbN1_L,hind leg,,,,,,True,predicted mancBodyid; exact key lookup is not curated cell identity,True,L,False,True
801761,146096,vnc_motor,ml,middle,Sternal posterior rotator MN,Sternal posterior rotator MN_R,R,,T2,MesoLN,12196.0,Sternal posterior rotator MN,49886.0,,,Traced,"unapproved; cross-dataset annotation evidence, not a mechanical map",,,,,motor neuron,12196.0,12196.0,ml,MNml29,MNml29,MesoLN_R,middle leg,,,,,,True,predicted mancBodyid; exact key lookup is not curated cell identity,True,R,False,True
801813,146138,vnc_motor,ml,middle,Sternal anterior rotator MN,Sternal anterior rotator MN_R,R,,T2,MesoLN,102786.0,Sternal anterior rotator MN,16295.0,,,Traced,"unapproved; cross-dataset annotation evidence, not a mechanical map",,,,,motor neuron,102786.0,49886.0,ml,Sternal posterior rotator MN,MNml34,MesoLN_R,Sternal posterior rotator,,,,,,True,predicted mancBodyid; exact key lookup is not curated cell identity,True,R,False,False
801824,146147,vnc_motor,fl,front,Tergopleural/Pleural promotor MN,Tergopleural/Pleural promotor MN_R,R,,T1,DProN,11706.0,Tergopleural/Pleural promotor MN,12628.0,,,Traced,"unapproved; cross-dataset annotation evidence, not a mechanical map",,,,,motor neuron,11706.0,11706.0,fl,Ti extensor MN,MNfl39,ProLN_R,Ti extensor,,,,,,True,predicted mancBodyid; exact key lookup is not curated cell identity,True,R,False,False
801932,146222,vnc_motor,hl,hind,,,R,,T3,MetaLN,12758.0,,,,,Traced,"unapproved; cross-dataset annotation evidence, not a mechanical map",,,,,motor neuron,12758.0,12758.0,hl,Acc. ti flexor MN,MNhl26,MetaLN_R,Acc. ti flexor,,,,,,True,predicted mancBodyid; exact key lookup is not curated cell identity,True,R,False,False
802232,146439,vnc_motor,ml,middle,Tr flexor MN,Tr flexor MN_L,L,,T2,MesoLN,13817.0,Tr flexor MN,,,,Traced,"unapproved; cross-dataset annotation evidence, not a mechanical map",,,,,motor neuron,13817.0,13817.0,ml,Sternal adductor MN,MNml16,MesoLN_L,Sternal adductor,,,,,,True,predicted mancBodyid; exact key lookup is not curated cell identity,True,L,False,False
802731,146810,vnc_motor,hl,hind,MNhl59,MNhl59_L,L,,T3,MetaLN,11809.0,MNhl59,11809.0,,,Traced,"unapproved; cross-dataset annotation evidence, not a mechanical map",,,,,motor neuron,11809.0,11809.0,hl,MNhl59,MNhl59,MetaLN_L,hind leg,,,,,,True,predicted mancBodyid; exact key lookup is not curated cell identity,True,L,False,True
803086,147083,vnc_motor,ml,middle,MNml29,MNml29_L,L,,T2,MesoLN,19773.0,MNml29,12196.0,,,Traced,"unapproved; cross-dataset annotation evidence, not a mechanical map",,,,,motor neuron,19773.0,12196.0,ml,MNml29,MNml29,MesoLN_L,middle leg,,,,,,True,predicted mancBodyid; exact key lookup is not curated cell identity,True,L,False,True
803147,147131,vnc_motor,hl,hind,Ti flexor MN,Ti flexor MN_L,L,,T3,MetaLN,176866.0,Ti flexor MN,,,,Traced,"unapproved; cross-dataset annotation evidence, not a mechanical map",,,,,motor neuron,176866.0,12474.0,hl,Acc. ti flexor MN,MNhl28,MetaLN_L,Acc. ti flexor,,,,,,True,predicted mancBodyid; exact key lookup is not curated cell identity,True,L,False,False
803412,147340,vnc_motor,fl,front,Tr extensor MN,Tr extensor MN_L,L,,T1,ProAN,11657.0,Tr extensor MN,14536.0,,,Traced,"unapproved; cross-dataset annotation evidence, not a mechanical map",,,,,motor neuron,11657.0,11657.0,fl,Ti extensor MN,MNfl41,ProLN_L,Ti extensor,,,,,,True,predicted mancBodyid; exact key lookup is not curated cell identity,True,L,False,False
803480,147394,vnc_motor,ml,middle,MNml82,MNml82_L,L,,T2,MesoLN,101909.0,MNml82,,,,Traced,"unapproved; cross-dataset annotation evidence, not a mechanical map",,,,,motor neuron,101909.0,101909.0,ml,MNml82,MNml82,MesoLN_L,middle leg,,,,,,True,predicted mancBodyid; exact key lookup is not curated cell identity,True,L,False,True
803698,147557,vnc_motor,fl,front,Sternotrochanter MN,Sternotrochanter MN_R,R,,T1,VProN,13819.0,Sternotrochanter MN,20615.0,,,Traced,"unapproved; cross-dataset annotation evidence, not a mechanical map",,,,,motor neuron,13819.0,13819.0,fl,Acc. ti flexor MN,MNfl27,ProLN_R,Acc. ti flexor,,,,,,True,predicted mancBodyid; exact key lookup is not curated cell identity,True,R,False,False
804078,147867,vnc_motor,hl,hind,MNhl29,MNhl29_L,L,,T3,MetaLN,102123.0,MNhl29,14649.0,,,Traced,"unapproved; cross-dataset annotation evidence, not a mechanical map",,,,,motor neuron,102123.0,14649.0,hl,MNhl29,MNhl29,MetaLN_L,hind leg,,,,,,True,predicted mancBodyid; exact key lookup is not curated cell identity,True,L,False,True
804847,148483,vnc_motor,hl,hind,MNhl88,MNhl88_L,L,,T3,MetaLN,17905.0,MNhl88,13883.0,,,Traced,"unapproved; cross-dataset annotation evidence, not a mechanical map",,,,,motor neuron,17905.0,13883.0,hl,MNhl88,MNhl88,MetaLN_L,hind leg,,,,,,True,predicted mancBodyid; exact key lookup is not curated cell identity,True,L,False,True
804919,148545,vnc_motor,hl,hind,Ti flexor MN,Ti flexor MN_L,L,,T3,MetaLN,176866.0,Ti flexor MN,12585.0,,,Traced,"unapproved; cross-dataset annotation evidence, not a mechanical map",,,,,motor neuron,176866.0,12474.0,hl,Acc. ti flexor MN,MNhl28,MetaLN_L,Acc. ti flexor,,,,,,True,predicted mancBodyid; exact key lookup is not curated cell identity,True,L,False,False
805309,148853,vnc_motor,fl,front,ltm2-femur MN,ltm2-femur MN_L,L,,T1,ProLN,20612.0,ltm2-femur MN,,,,Traced,"unapproved; cross-dataset annotation evidence, not a mechanical map",,,,,motor neuron,20612.0,15720.0,fl,ltm1-tibia MN,MNfl19,ProLN_L,ltm1-tibia,,,,,,True,predicted mancBodyid; exact key lookup is not curated cell identity,True,L,False,False
805313,148857,vnc_motor,fl,front,Pleural remotor/abductor MN,Pleural remotor/abductor MN_R,R,,T1,ProAN,21241.0,Pleural remotor/abductor MN,13628.0,,,Traced,"unapproved; cross-dataset annotation evidence, not a mechanical map",,,,,motor neuron,21241.0,21241.0,fl,Sternal posterior rotator MN,MNfl06,ProAN_R,Sternal posterior rotator,,,,,,True,predicted mancBodyid; exact key lookup is not curated cell identity,True,R,False,False
807160,150398,vnc_motor,hl,hind,MNhl01,MNhl01_L,L,,T3,AbN1,221983.0,MNhl01,15735.0,,,Traced,"unapproved; cross-dataset annotation evidence, not a mechanical map",,,,,motor neuron,221983.0,15735.0,hl,MNhl01,MNhl01,AbN1_L,hind leg,,,,,,True,predicted mancBodyid; exact key lookup is not curated cell identity,True,L,False,True
807395,150600,vnc_motor,ml,middle,MNml29,MNml29_R,R,,T2,MesoLN,104697.0,MNml29,12196.0,,,Traced,"unapproved; cross-dataset annotation evidence, not a mechanical map",,,,,motor neuron,104697.0,104697.0,ml,Sternal posterior rotator MN,MNml06,MesoLN_R,Sternal posterior rotator,,,,,,True,predicted mancBodyid; exact key lookup is not curated cell identity,True,R,False,False
808685,151681,vnc_motor,hl,hind,Ti flexor MN,Ti flexor MN_R,R,,T3,MetaLN,13512.0,Ti flexor MN,,,,Traced,"unapproved; cross-dataset annotation evidence, not a mechanical map",,,,,motor neuron,13512.0,10968.0,hl,MNhl68,MNhl68,MetaLN_R,hind leg,,,,,,True,predicted mancBodyid; exact key lookup is not curated cell identity,True,R,False,True
809055,151986,vnc_motor,hl,hind,MNhl88,MNhl88_R,R,,T3,MetaLN,13883.0,MNhl88,13883.0,,,Traced,"unapproved; cross-dataset annotation evidence, not a mechanical map",,,,,motor neuron,13883.0,13883.0,hl,MNhl88,MNhl88,MetaLN_R,hind leg,,,,,,True,predicted mancBodyid; exact key lookup is not curated cell identity,True,R,False,True
809604,152452,vnc_motor,hl,hind,Acc. tr flexor MN,Acc. tr flexor MN_L,L,,T3,MetaLN,162913.0,Acc. tr flexor MN,,,,Traced,"unapproved; cross-dataset annotation evidence, not a mechanical map",,,,,motor neuron,162913.0,21186.0,hl,Tr flexor MN,MNhl07,MetaLN_L,Tr flexor,,,,,,True,predicted mancBodyid; exact key lookup is not curated cell identity,True,L,False,False
811137,153698,vnc_motor,hl,hind,MNhl87,MNhl87_L,L,,T3,MetaLN,17761.0,MNhl87,15857.0,,,Traced,"unapproved; cross-dataset annotation evidence, not a mechanical map",,,,,motor neuron,17761.0,15857.0,hl,MNhl87,MNhl87,MetaLN_L,hind leg,,,,,,True,predicted mancBodyid; exact key lookup is not curated cell identity,True,L,False,True
812899,155099,vnc_motor,hl,hind,MNhl87,MNhl87_R,R,,T3,MetaLN,15857.0,MNhl87,15857.0,,,Traced,"unapproved; cross-dataset annotation evidence, not a mechanical map",,,,,motor neuron,15857.0,15857.0,hl,MNhl87,MNhl87,MetaLN_R,hind leg,,,,,,True,predicted mancBodyid; exact key lookup is not curated cell identity,True,R,False,True
813603,155655,vnc_motor,ml,middle,ltm MN,ltm MN_L,L,,T2,MesoLN,17964.0,ltm MN,35735.0,,,Traced,"unapproved; cross-dataset annotation evidence, not a mechanical map",,,,,motor neuron,17964.0,17964.0,ml,MNml79,MNml79,MesoLN_L,middle leg,,,,,,True,predicted mancBodyid; exact key lookup is not curated cell identity,True,L,False,True
814983,156725,vnc_motor,ml,middle,MNml78,MNml78_R,R,,T2,MesoLN,162868.0,MNml78,20511.0,,,Traced,"unapproved; cross-dataset annotation evidence, not a mechanical map",,,,,motor neuron,162868.0,13784.0,ml,Acc. ti flexor MN,MNml24,MesoLN_R,Acc. ti flexor,,,,,,True,predicted mancBodyid; exact key lookup is not curated cell identity,True,R,False,False
815678,157213,vnc_motor,fl,front,Ti extensor MN,Ti extensor MN_R,R,,T1,ProLN,22126.0,Ti extensor MN,11706.0,,,Traced,"unapproved; cross-dataset annotation evidence, not a mechanical map",,,,,motor neuron,22126.0,19652.0,fl,Tergotr. MN,MNfl20,VProN_R,Tergotr.,,,,,,True,predicted mancBodyid; exact key lookup is not curated cell identity,True,R,False,False
816018,157466,vnc_motor,ml,middle,Sternal adductor MN,Sternal adductor MN_L,L,,T2,MesoLN,156233.0,Sternal adductor MN,13817.0,,,Traced,"unapproved; cross-dataset annotation evidence, not a mechanical map",,,,,motor neuron,156233.0,156233.0,ml,Tr flexor MN,MNml07,MesoLN_L,Tr flexor,,,,,,True,predicted mancBodyid; exact key lookup is not curated cell identity,True,L,False,False
816022,157469,vnc_motor,hl,hind,MNhl29,MNhl29_R,R,,T3,MetaLN,14649.0,MNhl29,14649.0,,,Traced,"unapproved; cross-dataset annotation evidence, not a mechanical map",,,,,motor neuron,14649.0,14649.0,hl,MNhl29,MNhl29,MetaLN_R,hind leg,,,,,,True,predicted mancBodyid; exact key lookup is not curated cell identity,True,R,False,True
816501,157787,vnc_motor,hl,hind,MNhl02,MNhl02_L,L,,T3,AbN1,27479.0,MNhl02,11274.0,,,Traced,"unapproved; cross-dataset annotation evidence, not a mechanical map",,,,,motor neuron,27479.0,17970.0,hl,MNhl62,MNhl62,AbN1_L,hind leg,,,,,,True,predicted mancBodyid; exact key lookup is not curated cell identity,True,L,False,True
817374,158325,vnc_motor,hl,hind,Acc. ti flexor MN,Acc. ti flexor MN_L,L,,T3,MetaLN,163009.0,Acc. ti flexor MN,,,,Traced,"unapproved; cross-dataset annotation evidence, not a mechanical map",,,,,motor neuron,163009.0,163009.0,hl,MNhl73,MNhl73,MetaLN_L,hind leg,,,,,,True,predicted mancBodyid; exact key lookup is not curated cell identity,True,L,False,True
817640,158493,vnc_motor,fl,front,Tr flexor MN,Tr flexor MN_R,R,,T1,ProAN,14783.0,Tr flexor MN,,,,Traced,"unapproved; cross-dataset annotation evidence, not a mechanical map",,,,,motor neuron,14783.0,14783.0,fl,Acc. tr flexor MN,MNfl14,ProLN_R,Acc. tr flexor,,,,,,True,predicted mancBodyid; exact key lookup is not curated cell identity,True,R,False,False
817990,158698,vnc_motor,ml,middle,MNml78,MNml78_R,R,,T2,MesoLN,35950.0,MNml78,20511.0,,,Traced,"unapproved; cross-dataset annotation evidence, not a mechanical map",,,,,motor neuron,35950.0,20511.0,ml,MNml78,MNml78,MesoLN_R,middle leg,,,,,,True,predicted mancBodyid; exact key lookup is not curated cell identity,True,R,False,True
819112,159217,vnc_motor,hl,hind,Ti flexor MN,Ti flexor MN_L,L,,T3,MetaLN,15893.0,Ti flexor MN,,,,Traced,"unapproved; cross-dataset annotation evidence, not a mechanical map",,,,,motor neuron,15893.0,15893.0,hl,ltm MN,MNhl23,MetaLN_L,ltm,,,,,,True,predicted mancBodyid; exact key lookup is not curated cell identity,True,L,False,False
819278,159278,vnc_motor,fl,front,Ta depressor MN,Ta depressor MN_L,L,,T1,ProLN,18554.0,Ta depressor MN,,,,Traced,"unapproved; cross-dataset annotation evidence, not a mechanical map",,,,,motor neuron,18554.0,18554.0,fl,Acc. ti flexor MN,MNfl42,ProLN_L,Acc. ti flexor,,,,,,True,predicted mancBodyid; exact key lookup is not curated cell identity,True,L,False,False
819384,159323,vnc_motor,fl,front,Ti flexor MN,Ti flexor MN_L,L,,T1,ProLN,17885.0,Ti flexor MN,,,,Traced,"unapproved; cross-dataset annotation evidence, not a mechanical map",,,,,motor neuron,17885.0,17885.0,fl,Acc. ti flexor MN,MNfl28,ProLN_L,Acc. ti flexor,,,,,,True,predicted mancBodyid; exact key lookup is not curated cell identity,True,L,False,False
820574,159689,vnc_motor,ml,middle,MNml83,MNml83_R,R,,T2,MesoLN,200065.0,MNml83,,,,Traced,"unapproved; cross-dataset annotation evidence, not a mechanical map",,,,,motor neuron,200065.0,103416.0,ml,MNml77,MNml77,MesoLN_R,middle leg,,,,,,True,predicted mancBodyid; exact key lookup is not curated cell identity,True,R,False,True
820632,159702,vnc_motor,ml,middle,MNml80,MNml80_L,L,,T2,MesoLN,17697.0,MNml80,15616.0,,,Traced,"unapproved; cross-dataset annotation evidence, not a mechanical map",,,,,motor neuron,17697.0,15616.0,ml,MNml80,MNml80,MesoLN_L,middle leg,,,,,,True,predicted mancBodyid; exact key lookup is not curated cell identity,True,L,False,True
821154,159824,vnc_motor,hl,hind,Acc. tr flexor MN,Acc. tr flexor MN_L,L,,T3,MetaLN,13095.0,Acc. tr flexor MN,,,,Traced,"unapproved; cross-dataset annotation evidence, not a mechanical map",,,,,motor neuron,13095.0,12800.0,hl,MNhl66,MNhl66,MetaLN_L,hind leg,,,,,,True,predicted mancBodyid; exact key lookup is not curated cell identity,True,L,False,True
822013,159968,vnc_motor,ml,middle,Ti flexor MN,Ti flexor MN_R,R,,T2,MesoLN,162827.0,Ti flexor MN,,,,Traced,"unapproved; cross-dataset annotation evidence, not a mechanical map",,,,,motor neuron,162827.0,162827.0,ml,MNml86,MNml86,MesoLN_R,middle leg,,,,,,True,predicted mancBodyid; exact key lookup is not curated cell identity,True,R,False,True
822047,159977,vnc_motor,fl,front,ltm1-tibia MN,ltm1-tibia MN_L,L,,T1,ProLN,19092.0,ltm1-tibia MN,,,,Traced,"unapproved; cross-dataset annotation evidence, not a mechanical map",,,,,motor neuron,19092.0,16658.0,fl,ltm MN,MNfl23,ProLN_L,ltm,,,,,,True,predicted mancBodyid; exact key lookup is not curated cell identity,True,L,False,False
822185,159991,vnc_motor,ml,middle,MNml77,MNml77_L,L,,T2,MesoLN,103416.0,MNml77,103416.0,,,Traced,"unapproved; cross-dataset annotation evidence, not a mechanical map",,,,,motor neuron,103416.0,103416.0,ml,MNml77,MNml77,MesoLN_L,middle leg,,,,,,True,predicted mancBodyid; exact key lookup is not curated cell identity,True,L,False,True
822252,160003,vnc_motor,hl,hind,MNhl64,MNhl64_L,L,,T3,MetaLN,29474.0,MNhl64,13740.0,,,Traced,"unapproved; cross-dataset annotation evidence, not a mechanical map",,,,,motor neuron,29474.0,13740.0,hl,MNhl64,MNhl64,MetaLN_L,hind leg,,,,,,True,predicted mancBodyid; exact key lookup is not curated cell identity,True,L,False,True
822742,160065,vnc_motor,ml,middle,MNml80,MNml80_L,L,,T2,MesoLN,14775.0,MNml80,,,,Traced,"unapproved; cross-dataset annotation evidence, not a mechanical map",,,,,motor neuron,14775.0,13746.0,ml,Acc. ti flexor MN,MNml27,MesoLN_L,Acc. ti flexor,,,,,,True,predicted mancBodyid; exact key lookup is not curated cell identity,True,L,False,False
823405,160145,vnc_motor,hl,hind,ltm MN,ltm MN_L,L,,T3,MetaLN,19074.0,ltm MN,,,,Traced,"unapproved; cross-dataset annotation evidence, not a mechanical map",,,,,motor neuron,19074.0,12725.0,hl,Acc. ti flexor MN,MNhl27,MetaLN_L,Acc. ti flexor,,,,,,True,predicted mancBodyid; exact key lookup is not curated cell identity,True,L,False,False
823665,160165,vnc_motor,hl,hind,Ti flexor MN,Ti flexor MN_R,R,,T3,MetaLN,12758.0,Ti flexor MN,,,,Traced,"unapproved; cross-dataset annotation evidence, not a mechanical map",,,,,motor neuron,12758.0,12758.0,hl,Acc. ti flexor MN,MNhl26,MetaLN_R,Acc. ti flexor,,,,,,True,predicted mancBodyid; exact key lookup is not curated cell identity,True,R,False,False
824041,160194,vnc_motor,ml,middle,Ti flexor MN,Ti flexor MN_L,L,,T2,MesoLN,14665.0,Ti flexor MN,,,,Traced,"unapproved; cross-dataset annotation evidence, not a mechanical map",,,,,motor neuron,14665.0,13746.0,ml,Acc. ti flexor MN,MNml27,MesoLN_L,Acc. ti flexor,,,,,,True,predicted mancBodyid; exact key lookup is not curated cell identity,True,L,False,False
824689,160248,vnc_motor,ml,middle,ltm MN,ltm MN_L,L,,T2,MesoLN,17419.0,ltm MN,,,,Traced,"unapproved; cross-dataset annotation evidence, not a mechanical map",,,,,motor neuron,17419.0,17419.0,ml,ltm2-femur MN,MNml15,MesoLN_L,ltm2-femur,,,,,,True,predicted mancBodyid; exact key lookup is not curated cell identity,True,L,False,False
824997,160279,vnc_motor,ml,middle,ltm MN,ltm MN_R,R,,T2,MesoLN,162830.0,ltm MN,,,,Traced,"unapproved; cross-dataset annotation evidence, not a mechanical map",,,,,motor neuron,162830.0,101736.0,ml,ltm1-tibia MN,MNml19,MesoLN_R,ltm1-tibia,,,,,,True,predicted mancBodyid; exact key lookup is not curated cell identity,True,R,False,False
825516,160314,vnc_motor,fl,front,Acc. ti flexor MN,Acc. ti flexor MN_L,L,,T1,ProLN,29554.0,Acc. ti flexor MN,,,,Traced,"unapproved; cross-dataset annotation evidence, not a mechanical map",,,,,motor neuron,29554.0,29554.0,fl,Ta depressor MN,MNfl46,ProLN_L,Ta depressor,,,,,,True,predicted mancBodyid; exact key lookup is not curated cell identity,True,L,False,False
825681,160327,vnc_motor,ml,middle,ltm MN,ltm MN_L,L,,T2,MesoLN,15873.0,ltm MN,,,,Traced,"unapproved; cross-dataset annotation evidence, not a mechanical map",,,,,motor neuron,15873.0,15873.0,ml,ltm1-tibia MN,MNml38,MesoLN_L,ltm1-tibia,,,,,,True,predicted mancBodyid; exact key lookup is not curated cell identity,True,L,False,False
826996,160407,vnc_motor,ml,middle,ltm2-femur MN,ltm2-femur MN_L,L,,T2,MesoLN,25447.0,ltm2-femur MN,,,,Traced,"unapproved; cross-dataset annotation evidence, not a mechanical map",,,,,motor neuron,25447.0,13033.0,ml,ltm MN,MNml23,MesoLN_L,ltm,,,,,,True,predicted mancBodyid; exact key lookup is not curated cell identity,True,L,False,False
833140,160643,vnc_motor,fl,front,Acc. ti flexor MN,Acc. ti flexor MN_R,R,,T1,ProLN,16897.0,Acc. ti flexor MN,,,,Traced,"unapproved; cross-dataset annotation evidence, not a mechanical map",,,,,motor neuron,16897.0,16897.0,fl,Ta depressor MN,MNfl48,ProLN_R,Ta depressor,,,,,,True,predicted mancBodyid; exact key lookup is not curated cell identity,True,R,False,False
840740,160727,vnc_motor,hl,hind,Ti flexor MN,Ti flexor MN_R,R,,T3,MetaLN,12504.0,Ti flexor MN,,,,Traced,"unapproved; cross-dataset annotation evidence, not a mechanical map",,,,,motor neuron,12504.0,11480.0,hl,MNhl67,MNhl67,MetaLN_R,hind leg,,,,,,True,predicted mancBodyid; exact key lookup is not curated cell identity,True,R,False,True
843389,160757,vnc_motor,hl,hind,Acc. ti flexor MN,Acc. ti flexor MN_L,L,,T3,MetaLN,21186.0,Acc. ti flexor MN,,,,Traced,"unapproved; cross-dataset annotation evidence, not a mechanical map",,,,,motor neuron,21186.0,21186.0,hl,Tr flexor MN,MNhl07,MetaLN_L,Tr flexor,,,,,,True,predicted mancBodyid; exact key lookup is not curated cell identity,True,L,False,False
852673,160824,vnc_motor,ml,middle,ltm2-femur MN,ltm2-femur MN_R,R,,T2,MesoLN,13033.0,ltm2-femur MN,,,,Traced,"unapproved; cross-dataset annotation evidence, not a mechanical map",,,,,motor neuron,13033.0,13033.0,ml,ltm MN,MNml23,MesoLN_R,ltm,,,,,,True,predicted mancBodyid; exact key lookup is not curated cell identity,True,R,False,False
852881,160827,vnc_motor,hl,hind,,,R,,T3,MetaLN,23390.0,,,,,Traced,"unapproved; cross-dataset annotation evidence, not a mechanical map",,,,,motor neuron,23390.0,23016.0,hl,ltm MN,MNhl04,MetaLN_R,ltm,,,,,,True,predicted mancBodyid; exact key lookup is not curated cell identity,True,R,False,False
867630,160895,vnc_motor,fl,front,Acc. ti flexor MN,Acc. ti flexor MN_L,L,,T1,ProLN,13156.0,Acc. ti flexor MN,,,,Traced,"unapproved; cross-dataset annotation evidence, not a mechanical map",,,,,motor neuron,13156.0,13156.0,fl,ltm MN,MNfl45,ProLN_L,ltm,,,,,,True,predicted mancBodyid; exact key lookup is not curated cell identity,True,L,False,False
867926,160896,vnc_motor,ml,middle,Acc. tr flexor MN,Acc. tr flexor MN_R,R,,T2,MesoLN,218885.0,Acc. tr flexor MN,,,,Traced,"unapproved; cross-dataset annotation evidence, not a mechanical map",,,,,motor neuron,218885.0,156233.0,ml,Tr flexor MN,MNml07,MesoLN_R,Tr flexor,,,,,,True,predicted mancBodyid; exact key lookup is not curated cell identity,True,R,False,False
869369,160904,vnc_motor,hl,hind,MNhl65,MNhl65_R,R,,T3,MetaLN,13144.0,MNhl65,13144.0,,,Traced,"unapproved; cross-dataset annotation evidence, not a mechanical map",,,,,motor neuron,13144.0,13144.0,hl,MNhl65,MNhl65,MetaLN_R,hind leg,,,,,,True,predicted mancBodyid; exact key lookup is not curated cell identity,True,R,False,True
895449,160960,vnc_motor,ml,middle,MNml78,MNml78_L,L,,T2,MesoLN,20551.0,MNml78,20511.0,,,Traced,"unapproved; cross-dataset annotation evidence, not a mechanical map",,,,,motor neuron,20551.0,20511.0,ml,MNml78,MNml78,MesoLN_L,middle leg,,,,,,True,predicted mancBodyid; exact key lookup is not curated cell identity,True,L,False,True
902310,161062,vnc_motor,hl,hind,Pleural remotor/abductor MN,Pleural remotor/abductor MN_L,L,,T3,MetaLN,15278.0,Pleural remotor/abductor MN,,,,Traced,"unapproved; cross-dataset annotation evidence, not a mechanical map",,,,,motor neuron,15278.0,11400.0,hl,Sternal posterior rotator MN,MNhl34,MetaLN_L,Sternal posterior rotator,,,,,,True,predicted mancBodyid; exact key lookup is not curated cell identity,True,L,False,False
903090,161296,vnc_motor,hl,hind,MNhl62,MNhl62_R,R,,T3,AbN1,17970.0,MNhl62,17970.0,,,Traced,"unapproved; cross-dataset annotation evidence, not a mechanical map",,,,,motor neuron,17970.0,17970.0,hl,MNhl62,MNhl62,AbN1_R,hind leg,,,,,,True,predicted mancBodyid; exact key lookup is not curated cell identity,True,R,False,True
903508,161462,vnc_motor,ml,middle,MNml81,MNml81_L,L,,T2,MesoLN,13036.0,MNml81,13036.0,,,Traced,"unapproved; cross-dataset annotation evidence, not a mechanical map",,,,,motor neuron,13036.0,13036.0,ml,MNml81,MNml81,MesoLN_L,middle leg,,,,,,True,predicted mancBodyid; exact key lookup is not curated cell identity,True,L,False,True
903844,161583,vnc_motor,ml,middle,MNml80,MNml80_R,R,,T2,MesoLN,15616.0,MNml80,15616.0,,,Traced,"unapproved; cross-dataset annotation evidence, not a mechanical map",,,,,motor neuron,15616.0,15616.0,ml,MNml80,MNml80,MesoLN_R,middle leg,,,,,,True,predicted mancBodyid; exact key lookup is not curated cell identity,True,R,False,True
905236,162057,vnc_motor,ml,middle,MNml80,MNml80_R,R,,T2,MesoLN,16497.0,MNml80,15616.0,,,Traced,"unapproved; cross-dataset annotation evidence, not a mechanical map",,,,,motor neuron,16497.0,16497.0,ml,MNml84,MNml84,MesoLN_R,middle leg,,,,,,True,predicted mancBodyid; exact key lookup is not curated cell identity,True,R,False,True
905559,162164,vnc_motor,ml,middle,MNml79,MNml79_R,R,,T2,MesoLN,32253.0,MNml79,17964.0,,,Traced,"unapproved; cross-dataset annotation evidence, not a mechanical map",,,,,motor neuron,32253.0,17964.0,ml,MNml79,MNml79,MesoLN_R,middle leg,,,,,,True,predicted mancBodyid; exact key lookup is not curated cell identity,True,R,False,True
905792,162240,vnc_motor,hl,hind,MNhl01,MNhl01_R,R,,T3,AbN1,15735.0,MNhl01,15735.0,,,Traced,"unapproved; cross-dataset annotation evidence, not a mechanical map",,,,,motor neuron,15735.0,15735.0,hl,MNhl01,MNhl01,AbN1_R,hind leg,,,,,,True,predicted mancBodyid; exact key lookup is not curated cell identity,True,R,False,True
907387,162641,vnc_motor,ml,middle,MNml77,MNml77_R,R,,T2,MesoLN,30781.0,MNml77,103416.0,,,Traced,"unapproved; cross-dataset annotation evidence, not a mechanical map",,,,,motor neuron,30781.0,20511.0,ml,MNml78,MNml78,MesoLN_R,middle leg,,,,,,True,predicted mancBodyid; exact key lookup is not curated cell identity,True,R,False,True
907422,162655,vnc_motor,ml,middle,MNml78,MNml78_L,L,,T2,MesoLN,25956.0,MNml78,20511.0,,,Traced,"unapproved; cross-dataset annotation evidence, not a mechanical map",,,,,motor neuron,25956.0,15616.0,ml,MNml80,MNml80,MesoLN_L,middle leg,,,,,,True,predicted mancBodyid; exact key lookup is not curated cell identity,True,L,False,True
909255,163317,vnc_motor,ml,middle,Acc. ti flexor MN,Acc. ti flexor MN_R,R,,T2,MesoLN,39941.0,Acc. ti flexor MN,13784.0,,,Traced,"unapproved; cross-dataset annotation evidence, not a mechanical map",,,,,motor neuron,39941.0,20511.0,ml,MNml78,MNml78,MesoLN_R,middle leg,,,,,,True,predicted mancBodyid; exact key lookup is not curated cell identity,True,R,False,True
909713,163472,vnc_motor,fl,front,Acc. ti flexor MN,Acc. ti flexor MN_R,R,,T1,ProLN,16492.0,Acc. ti flexor MN,,,,Traced,"unapproved; cross-dataset annotation evidence, not a mechanical map",,,,,motor neuron,16492.0,16492.0,fl,Ta depressor MN,MNfl49,ProLN_R,Ta depressor,,,,,,True,predicted mancBodyid; exact key lookup is not curated cell identity,True,R,False,False
910178,163599,vnc_motor,hl,hind,Ti flexor MN,Ti flexor MN_R,R,,T3,MetaLN,12800.0,Ti flexor MN,12585.0,,,Traced,"unapproved; cross-dataset annotation evidence, not a mechanical map",,,,,motor neuron,12800.0,12800.0,hl,MNhl66,MNhl66,MetaLN_R,hind leg,,,,,,True,predicted mancBodyid; exact key lookup is not curated cell identity,True,R,False,True
911453,163895,vnc_motor,fl,front,ltm MN,ltm MN_L,L,,T1,ProLN,173560.0,ltm MN,,,,Traced,"unapproved; cross-dataset annotation evidence, not a mechanical map",,,,,motor neuron,173560.0,14536.0,fl,Tr extensor MN,MNfl37,ProLN_L,Tr extensor,,,,,,True,predicted mancBodyid; exact key lookup is not curated cell identity,True,L,False,False
914837,164388,vnc_motor,hl,hind,ltm1-tibia MN,ltm1-tibia MN_R,R,,T3,MetaLN,15380.0,ltm1-tibia MN,13241.0,,,Traced,"unapproved; cross-dataset annotation evidence, not a mechanical map",,,,,motor neuron,15380.0,15380.0,hl,ltm MN,MNhl32,MetaLN_R,ltm,,,,,,True,predicted mancBodyid; exact key lookup is not curated cell identity,True,R,False,False
929376,164757,vnc_motor,hl,hind,Ti flexor MN,Ti flexor MN_L,L,,T3,MetaLN,14339.0,Ti flexor MN,,,,Traced,"unapproved; cross-dataset annotation evidence, not a mechanical map",,,,,motor neuron,14339.0,10968.0,hl,MNhl68,MNhl68,MetaLN_L,hind leg,,,,,,True,predicted mancBodyid; exact key lookup is not curated cell identity,True,L,False,True
934519,164928,vnc_motor,hl,hind,Acc. ti flexor MN,Acc. ti flexor MN_L,L,,T3,MetaLN,25599.0,Acc. ti flexor MN,,,,Traced,"unapproved; cross-dataset annotation evidence, not a mechanical map",,,,,motor neuron,25599.0,15550.0,hl,MNhl63,MNhl63,MetaLN_L,hind leg,,,,,,True,predicted mancBodyid; exact key lookup is not curated cell identity,True,L,False,True
936696,165084,vnc_motor,hl,hind,MNhl65,MNhl65_L,L,,T3,MetaLN,19480.0,MNhl65,13144.0,,,Traced,"unapproved; cross-dataset annotation evidence, not a mechanical map",,,,,motor neuron,19480.0,13144.0,hl,MNhl65,MNhl65,MetaLN_L,hind leg,,,,,,True,predicted mancBodyid; exact key lookup is not curated cell identity,True,L,False,True
939950,165138,vnc_motor,hl,hind,MNhl60,MNhl60_R,R,,T3,MetaLN,27205.0,MNhl60,27205.0,,,Traced,"unapproved; cross-dataset annotation evidence, not a mechanical map",,,,,motor neuron,27205.0,27205.0,hl,MNhl60,MNhl60,MetaLN_R,hind leg,,,,,,True,predicted mancBodyid; exact key lookup is not curated cell identity,True,R,False,True
1050005026,166679,vnc_motor,fl,front,Acc. ti flexor MN,Acc. ti flexor MN_R,R,,T1,ProLN,154804.0,Acc. ti flexor MN,,,,Traced,"unapproved; cross-dataset annotation evidence, not a mechanical map",,,,,motor neuron,154804.0,25674.0,fl,Ta depressor MN,MNfl47,ProLN_R,Ta depressor,,,,,,True,predicted mancBodyid; exact key lookup is not curated cell identity,True,R,False,False
1050013311,166681,vnc_motor,hl,hind,Ti flexor MN,Ti flexor MN_R,R,,T3,MetaLN,22465.0,Ti flexor MN,,,,Traced,"unapproved; cross-dataset annotation evidence, not a mechanical map",,,,,motor neuron,22465.0,17693.0,hl,Tr flexor MN,MNhl12,MetaLN_R,Tr flexor,,,,,,True,predicted mancBodyid; exact key lookup is not curated cell identity,True,R,False,False
1050013851,166682,vnc_motor,fl,front,ltm MN,ltm MN_R,R,,T1,ProLN,15317.0,ltm MN,,,,Traced,"unapproved; cross-dataset annotation evidence, not a mechanical map",,,,,motor neuron,15317.0,15317.0,fl,ltm2-femur MN,MNfl15,ProLN_R,ltm2-femur,,,,,,True,predicted mancBodyid; exact key lookup is not curated cell identity,True,R,False,False
1050038433,166689,vnc_motor,hl,hind,Acc. tr flexor MN,Acc. tr flexor MN_L,L,,T3,MetaLN,37741.0,Acc. tr flexor MN,,,,Traced,"unapproved; cross-dataset annotation evidence, not a mechanical map",,,,,motor neuron,37741.0,37741.0,hl,MNhl72,MNhl72,MetaLN_L,hind leg,,,,,,True,predicted mancBodyid; exact key lookup is not curated cell identity,True,L,False,True
1050046221,166692,vnc_motor,ml,middle,MNml80,MNml80_L,L,,T2,MesoLN,25956.0,MNml80,15616.0,,,Traced,"unapproved; cross-dataset annotation evidence, not a mechanical map",,,,,motor neuron,25956.0,15616.0,ml,MNml80,MNml80,MesoLN_L,middle leg,,,,,,True,predicted mancBodyid; exact key lookup is not curated cell identity,True,L,False,True
1050080384,166696,vnc_motor,hl,hind,ltm MN,ltm MN_L,L,,T3,MetaLN,14343.0,ltm MN,,,,Traced,"unapproved; cross-dataset annotation evidence, not a mechanical map",,,,,motor neuron,14343.0,14343.0,hl,ltm2-femur MN,MNhl15,MetaLN_L,ltm2-femur,,,,,,True,predicted mancBodyid; exact key lookup is not curated cell identity,True,L,False,False
1050091102,166698,vnc_motor,hl,hind,ltm MN,ltm MN_R,R,,T3,MetaLN,11480.0,ltm MN,,,,Traced,"unapproved; cross-dataset annotation evidence, not a mechanical map",,,,,motor neuron,11480.0,11480.0,hl,MNhl67,MNhl67,MetaLN_R,hind leg,,,,,,True,predicted mancBodyid; exact key lookup is not curated cell identity,True,R,False,True
1050102118,166702,vnc_motor,hl,hind,Acc. tr flexor MN,Acc. tr flexor MN_R,R,,T3,MetaLN,96565.0,Acc. tr flexor MN,,,,Traced,"unapproved; cross-dataset annotation evidence, not a mechanical map",,,,,motor neuron,96565.0,23117.0,hl,Tr flexor MN,MNhl05,MetaLN_R,Tr flexor,,,,,,True,predicted mancBodyid; exact key lookup is not curated cell identity,True,R,False,False
1050111955,166703,vnc_motor,fl,front,Ta levator MN,Ta levator MN_L,L,,T1,ProLN,25674.0,Ta levator MN,15446.0,,,Traced,"unapproved; cross-dataset annotation evidence, not a mechanical map",,,,,motor neuron,25674.0,25674.0,fl,Ta depressor MN,MNfl47,ProLN_L,Ta depressor,,,,,,True,predicted mancBodyid; exact key lookup is not curated cell identity,True,L,False,False
1050119039,166707,vnc_motor,ml,middle,MNml78,MNml78_L,L,,T2,MesoLN,30709.0,MNml78,20511.0,,,Traced,"unapproved; cross-dataset annotation evidence, not a mechanical map",,,,,motor neuron,30709.0,20511.0,ml,MNml78,MNml78,MesoLN_L,middle leg,,,,,,True,predicted mancBodyid; exact key lookup is not curated cell identity,True,L,False,True
1050123559,166708,vnc_motor,hl,hind,Acc. ti flexor MN,Acc. ti flexor MN_L,L,,T3,MetaLN,27733.0,Acc. ti flexor MN,,,,Traced,"unapproved; cross-dataset annotation evidence, not a mechanical map",,,,,motor neuron,27733.0,27733.0,hl,ltm MN,MNhl04,MetaLN_L,ltm,,,,,,True,predicted mancBodyid; exact key lookup is not curated cell identity,True,L,False,False
1050151215,166718,vnc_motor,ml,middle,MNml78,MNml78_L,L,,T2,MesoLN,167919.0,MNml78,20511.0,,,Traced,"unapproved; cross-dataset annotation evidence, not a mechanical map",,,,,motor neuron,167919.0,20511.0,ml,MNml78,MNml78,MesoLN_L,middle leg,,,,,,True,predicted mancBodyid; exact key lookup is not curated cell identity,True,L,False,True
1050160593,166723,vnc_motor,ml,middle,MNml76,MNml76_R,R,,T2,MesoLN,156505.0,MNml76,,,,Traced,"unapproved; cross-dataset annotation evidence, not a mechanical map",,,,,motor neuron,156505.0,156505.0,ml,MNml76,MNml76,MesoLN_R,middle leg,,,,,,True,predicted mancBodyid; exact key lookup is not curated cell identity,True,R,False,True
1050166426,166725,vnc_motor,hl,hind,Ti flexor MN,Ti flexor MN_L,L,,T3,MetaLN,15038.0,Ti flexor MN,,,,Traced,"unapproved; cross-dataset annotation evidence, not a mechanical map",,,,,motor neuron,15038.0,12758.0,hl,Acc. ti flexor MN,MNhl26,MetaLN_L,Acc. ti flexor,,,,,,True,predicted mancBodyid; exact key lookup is not curated cell identity,True,L,False,False
1050248133,166751,vnc_motor,fl,front,Ta depressor MN,Ta depressor MN_R,R,,T1,ProLN,20373.0,Ta depressor MN,,,,Traced,"unapproved; cross-dataset annotation evidence, not a mechanical map",,,,,motor neuron,20373.0,15023.0,fl,Acc. ti flexor MN,MNfl43,ProLN_R,Acc. ti flexor,,,,,,True,predicted mancBodyid; exact key lookup is not curated cell identity,True,R,False,False
1050251718,166752,vnc_motor,fl,front,ltm2-femur MN,ltm2-femur MN_R,R,,T1,ProLN,15720.0,ltm2-femur MN,,,,Traced,"unapproved; cross-dataset annotation evidence, not a mechanical map",,,,,motor neuron,15720.0,15720.0,fl,ltm1-tibia MN,MNfl19,ProLN_R,ltm1-tibia,,,,,,True,predicted mancBodyid; exact key lookup is not curated cell identity,True,R,False,False
1050274189,166757,vnc_motor,hl,hind,MNhl60,MNhl60_L,L,,T3,MetaLN,100824.0,MNhl60,27205.0,reconstruction state mcns,,Traced,"unapproved; cross-dataset annotation evidence, not a mechanical map",,,,,motor neuron,100824.0,100824.0,hl,MNhl69,MNhl69,MetaLN_L,hind leg,,,,,,True,predicted mancBodyid; exact key lookup is not curated cell identity,True,L,False,True
1050303231,166761,vnc_motor,hl,hind,Ti flexor MN,Ti flexor MN_R,R,,T3,MetaLN,12474.0,Ti flexor MN,,,,Traced,"unapproved; cross-dataset annotation evidence, not a mechanical map",,,,,motor neuron,12474.0,12474.0,hl,Acc. ti flexor MN,MNhl28,MetaLN_R,Acc. ti flexor,,,,,,True,predicted mancBodyid; exact key lookup is not curated cell identity,True,R,False,False
1050306082,166762,vnc_motor,fl,front,Acc. tr flexor MN,Acc. tr flexor MN_R,R,,T1,ProLN,13563.0,Acc. tr flexor MN,,,,Traced,"unapproved; cross-dataset annotation evidence, not a mechanical map",,,,,motor neuron,13563.0,12134.0,fl,Ti flexor MN,MNfl30,ProLN_R,Ti flexor,,,,,,True,predicted mancBodyid; exact key lookup is not curated cell identity,True,R,False,False
1050340850,166765,vnc_motor,fl,front,,,R,,T1,ProLN,16658.0,,,,,Traced,"unapproved; cross-dataset annotation evidence, not a mechanical map",,,,,motor neuron,16658.0,16658.0,fl,ltm MN,MNfl23,ProLN_R,ltm,,,,,,True,predicted mancBodyid; exact key lookup is not curated cell identity,True,R,False,False
1050380236,166773,vnc_motor,fl,front,Ta depressor MN,Ta depressor MN_R,R,,T1,ProLN,26658.0,Ta depressor MN,,,,Traced,"unapproved; cross-dataset annotation evidence, not a mechanical map",,,,,motor neuron,26658.0,18554.0,fl,Acc. ti flexor MN,MNfl42,ProLN_R,Acc. ti flexor,,,,,,True,predicted mancBodyid; exact key lookup is not curated cell identity,True,R,False,False
1050403926,166776,vnc_motor,fl,front,Ta depressor MN,Ta depressor MN_L,L,,T1,ProLN,15023.0,Ta depressor MN,,,,Traced,"unapproved; cross-dataset annotation evidence, not a mechanical map",,,,,motor neuron,15023.0,15023.0,fl,Acc. ti flexor MN,MNfl43,ProLN_L,Acc. ti flexor,,,,,,True,predicted mancBodyid; exact key lookup is not curated cell identity,True,L,False,False
1050460102,166787,vnc_motor,hl,hind,Acc. ti flexor MN,Acc. ti flexor MN_R,R,,T3,MetaLN,21991.0,Acc. ti flexor MN,,,,Traced,"unapproved; cross-dataset annotation evidence, not a mechanical map",,,,,motor neuron,21991.0,13192.0,hl,Ti flexor MN,MNhl21,MetaLN_R,Ti flexor,,,,,,True,predicted mancBodyid; exact key lookup is not curated cell identity,True,R,False,False
1050660827,166805,vnc_motor,fl,front,Ta depressor MN,Ta depressor MN_L,L,,T1,ProLN,166374.0,Ta depressor MN,,,,Traced,"unapproved; cross-dataset annotation evidence, not a mechanical map",,,,,motor neuron,166374.0,18554.0,fl,Acc. ti flexor MN,MNfl42,ProLN_L,Acc. ti flexor,,,,,,True,predicted mancBodyid; exact key lookup is not curated cell identity,True,L,False,False
1050673969,166807,vnc_motor,ml,middle,MNml80,MNml80_R,R,,T2,MesoLN,18664.0,MNml80,,,,Traced,"unapproved; cross-dataset annotation evidence, not a mechanical map",,,,,motor neuron,18664.0,13746.0,ml,Acc. ti flexor MN,MNml27,MesoLN_R,Acc. ti flexor,,,,,,True,predicted mancBodyid; exact key lookup is not curated cell identity,True,R,False,False
1050730563,166810,vnc_motor,hl,hind,Acc. tr flexor MN,Acc. tr flexor MN_L,L,,T3,MetaLN,24668.0,Acc. tr flexor MN,,,,Traced,"unapproved; cross-dataset annotation evidence, not a mechanical map",,,,,motor neuron,24668.0,17693.0,hl,Tr flexor MN,MNhl12,MetaLN_L,Tr flexor,,,,,,True,predicted mancBodyid; exact key lookup is not curated cell identity,True,L,False,False
1050815462,166819,vnc_motor,fl,front,Ta depressor MN,Ta depressor MN_R,R,,T1,ProLN,26777.0,Ta depressor MN,,,,Traced,"unapproved; cross-dataset annotation evidence, not a mechanical map",,,,,motor neuron,26777.0,18554.0,fl,Acc. ti flexor MN,MNfl42,ProLN_R,Acc. ti flexor,,,,,,True,predicted mancBodyid; exact key lookup is not curated cell identity,True,R,False,False
1051236875,166861,vnc_motor,hl,hind,Acc. tr flexor MN,Acc. tr flexor MN_L,L,,T3,MetaLN,23117.0,Acc. tr flexor MN,,,,Traced,"unapproved; cross-dataset annotation evidence, not a mechanical map",,,,,motor neuron,23117.0,23117.0,hl,Tr flexor MN,MNhl05,MetaLN_L,Tr flexor,,,,,,True,predicted mancBodyid; exact key lookup is not curated cell identity,True,L,False,False
1051680335,166887,vnc_motor,hl,hind,,,L,,T3,MetaLN,13192.0,,,,,Traced,"unapproved; cross-dataset annotation evidence, not a mechanical map",,,,,motor neuron,13192.0,13192.0,hl,Ti flexor MN,MNhl21,MetaLN_L,Ti flexor,,,,,,True,predicted mancBodyid; exact key lookup is not curated cell identity,True,L,False,False
1052521030,166931,vnc_motor,ml,middle,Acc. ti flexor MN,Acc. ti flexor MN_R,R,,T2,MesoLN,16017.0,Acc. ti flexor MN,,,,Traced,"unapproved; cross-dataset annotation evidence, not a mechanical map",,,,,motor neuron,16017.0,16017.0,ml,MNml85,MNml85,MesoLN_R,middle leg,,,,,,True,predicted mancBodyid; exact key lookup is not curated cell identity,True,R,False,True
